2025-11-21 23:27:50,256 - MultiOmicsPipeline - INFO - Système de logging configuré
2025-11-21 23:27:50,256 - MultiOmicsPipeline - INFO - 🚀 Démarrage du pipeline multi-omiques
2025-11-21 23:27:50,256 - MultiOmicsPipeline - INFO - 📊 Chargement des données
2025-11-21 23:27:50,258 - MultiOmicsPipeline - INFO - ✅ Données chargées depuis demo_expression_data.csv : (10, 6)
2025-11-21 23:27:50,259 - MultiOmicsPipeline - INFO - ✅ Données chargées depuis demo_clinical_data.csv : (10, 6)
2025-11-21 23:27:50,259 - MultiOmicsPipeline - INFO - Données omiques : (10, 6)
2025-11-21 23:27:50,259 - MultiOmicsPipeline - INFO - Données cliniques : (10, 6)
2025-11-21 23:27:50,259 - MultiOmicsPipeline - INFO - 🔧 Prétraitement des données
2025-11-21 23:27:50,259 - MultiOmicsPipeline - INFO - Prétraitement des données en cours...
2025-11-21 23:27:50,259 - MultiOmicsPipeline - INFO - Valeurs manquantes - Omiques : 2, Cliniques : 1
2025-11-21 23:27:50,259 - MultiOmicsPipeline - INFO - 🔗 Intégration des données
2025-11-21 23:27:50,259 - MultiOmicsPipeline - INFO - Intégration des données en cours...
2025-11-21 23:27:50,259 - MultiOmicsPipeline - INFO - 📤 Export des résultats
2025-11-21 23:27:50,260 - MultiOmicsPipeline - INFO - ✅ Données exportées en CSV : test_results/integrated_data.csv
2025-11-21 23:27:50,260 - MultiOmicsPipeline - INFO - ✅ Pipeline terminé avec succès
2025-11-21 23:41:55,386 - MultiOmicsPipeline - INFO - Système de logging configuré
2025-11-21 23:41:55,474 - MultiOmicsPipeline - INFO - 🚀 Démarrage du pipeline multi-omiques
2025-11-21 23:41:55,474 - MultiOmicsPipeline - INFO - 📊 Chargement des données
2025-11-21 23:41:55,563 - MultiOmicsPipeline - INFO - ✅ Données chargées depuis demo_expression_data.csv : (10, 6)
2025-11-21 23:41:55,651 - MultiOmicsPipeline - INFO - ✅ Données chargées depuis demo_clinical_data.csv : (10, 6)
2025-11-21 23:41:55,651 - MultiOmicsPipeline - INFO - Données omiques : (10, 6)
2025-11-21 23:41:55,651 - MultiOmicsPipeline - INFO - Données cliniques : (10, 6)
2025-11-21 23:41:55,651 - MultiOmicsPipeline - INFO - 🔧 Prétraitement des données
2025-11-21 23:41:55,651 - MultiOmicsPipeline - ERROR - ❌ Erreur lors de l'exécution : attempted relative import with no known parent package
2025-11-21 23:42:54,225 - MultiOmicsPipeline - INFO - Système de logging configuré
2025-11-21 23:42:54,225 - MultiOmicsPipeline - INFO - 🚀 Démarrage du pipeline multi-omiques
2025-11-21 23:42:54,225 - MultiOmicsPipeline - INFO - 📊 Chargement des données
2025-11-21 23:42:54,226 - MultiOmicsPipeline - INFO - ✅ Données chargées depuis demo_expression_data.csv : (10, 6)
2025-11-21 23:42:54,227 - MultiOmicsPipeline - INFO - ✅ Données chargées depuis demo_clinical_data.csv : (10, 6)
2025-11-21 23:42:54,227 - MultiOmicsPipeline - INFO - Données omiques : (10, 6)
2025-11-21 23:42:54,227 - MultiOmicsPipeline - INFO - Données cliniques : (10, 6)
2025-11-21 23:42:54,227 - MultiOmicsPipeline - INFO - 🔧 Prétraitement des données
2025-11-21 23:42:54,228 - MultiOmicsPipeline - ERROR - ❌ Erreur lors de l'exécution : attempted relative import with no known parent package
2026-04-27 02:39:02,783 - MultiOmicsPipeline - INFO - Logging system configured
2026-04-27 02:39:03,294 - MultiOmicsPipeline - INFO - Omics data: (10, 6)
2026-04-27 02:39:03,294 - MultiOmicsPipeline - INFO - Clinical data: (10, 6)
2026-04-27 02:40:09,171 - MultiOmicsPipeline - INFO - Logging system configured
2026-04-27 02:40:09,239 - MultiOmicsPipeline - INFO - Omics data: (10, 6)
2026-04-27 02:40:09,240 - MultiOmicsPipeline - INFO - Clinical data: (10, 6)
2026-04-27 02:41:59,212 - MultiOmicsPipeline - INFO - Logging system configured
2026-04-27 02:41:59,287 - MultiOmicsPipeline - INFO - Omics data: (10, 6)
2026-04-27 02:41:59,287 - MultiOmicsPipeline - INFO - Clinical data: (10, 6)
2026-04-27 02:42:55,077 - MultiOmicsPipeline - INFO - Logging system configured
2026-04-27 02:42:55,090 - MultiOmicsPipeline - INFO - 🚀 Starting the multi-omics pipeline
2026-04-27 02:42:55,090 - MultiOmicsPipeline - INFO - 📊 Loading data
2026-04-27 02:42:55,104 - MultiOmicsPipeline - INFO - ✅ Data loaded from demo_expression_data.csv: (10, 6)
2026-04-27 02:42:55,113 - MultiOmicsPipeline - INFO - ✅ Data loaded from demo_clinical_data.csv: (10, 6)
2026-04-27 02:42:55,124 - MultiOmicsPipeline - INFO - Omics data: (10, 6)
2026-04-27 02:42:55,128 - MultiOmicsPipeline - INFO - Clinical data: (10, 6)
2026-04-27 02:42:55,138 - MultiOmicsPipeline - INFO - 🔧 Preprocessing data
2026-04-27 02:43:11,394 - MultiOmicsPipeline - ERROR - ❌ Error during execution: attempted relative import beyond top-level package
2026-04-27 02:58:22,242 - MultiOmicsPipeline - INFO - Système de logging configuré
2026-04-27 02:58:22,800 - MultiOmicsPipeline - INFO -  Démarrage du pipeline multi-omiques
2026-04-27 02:58:22,904 - MultiOmicsPipeline - INFO -  Chargement des données
2026-04-27 02:58:23,376 - MultiOmicsPipeline - INFO -  Données chargées depuis demo_expression_data.csv : (10, 6)
2026-04-27 02:58:23,662 - MultiOmicsPipeline - INFO -  Données chargées depuis demo_clinical_data.csv : (10, 6)
2026-04-27 02:58:23,760 - MultiOmicsPipeline - INFO - Données omiques : (10, 6)
2026-04-27 02:58:23,839 - MultiOmicsPipeline - INFO - Données cliniques : (10, 6)
2026-04-27 02:58:23,926 - MultiOmicsPipeline - INFO -  Prétraitement des données
2026-04-27 03:00:09,197 - MultiOmicsPipeline - ERROR -  Erreur lors de l'exécution : cannot import name 'OmicsNormalizer' from 'preprocessing.normalization' (C:\Users\nidha\Desktop\Nouveau dossier (2)\Multi-Omics-Clinical-Integration-Pipeline-MOCIP\projet-multi-omiques\src\preprocessing\normalization.py)
2026-04-27 03:07:14,612 - MultiOmicsPipeline - INFO - Système de logging configuré
2026-04-27 03:07:14,614 - MultiOmicsPipeline - INFO -  Démarrage du pipeline multi-omiques
2026-04-27 03:07:14,614 - MultiOmicsPipeline - INFO -  Chargement des données
2026-04-27 03:07:14,622 - MultiOmicsPipeline - INFO -  Données chargées depuis demo_expression_data.csv : (10, 6)
2026-04-27 03:07:14,630 - MultiOmicsPipeline - INFO -  Données chargées depuis demo_clinical_data.csv : (10, 6)
2026-04-27 03:07:14,632 - MultiOmicsPipeline - INFO - Données omiques : (10, 6)
2026-04-27 03:07:14,634 - MultiOmicsPipeline - INFO - Données cliniques : (10, 6)
2026-04-27 03:07:14,648 - MultiOmicsPipeline - INFO -  Prétraitement des données
2026-04-27 03:07:31,405 - MultiOmicsPipeline - INFO -  Prétraitement des données
2026-04-27 03:07:31,413 - MultiOmicsPipeline - INFO - Gestion des valeurs manquantes
2026-04-27 03:07:31,433 - MissingValueHandler - INFO - Imputation des valeurs manquantes avec stratégie : knn
2026-04-27 03:07:31,445 - MissingValueHandler - INFO - Valeurs manquantes avant imputation : 2
2026-04-27 03:07:31,493 - MissingValueHandler - INFO - ✅ Imputation KNN terminée. Valeurs manquantes après : 0
2026-04-27 03:07:31,499 - MissingValueHandler - INFO - Imputation des valeurs manquantes avec stratégie : knn
2026-04-27 03:07:31,501 - MissingValueHandler - INFO - Valeurs manquantes avant imputation : 1
2026-04-27 03:07:31,509 - MissingValueHandler - INFO - ✅ Imputation KNN terminée. Valeurs manquantes après : 0
2026-04-27 03:07:31,510 - MultiOmicsPipeline - INFO - Normalisation des données omiques
2026-04-27 03:07:31,512 - preprocessing.normalization - INFO - Initialized DataNormalizer
2026-04-27 03:07:31,518 - preprocessing.normalization - INFO - Fitting normalizer for data type: gene_expression
2026-04-27 03:07:31,536 - preprocessing.normalization - INFO - Normalizing gene expression data (method: tmm)
2026-04-27 03:07:31,554 - MultiOmicsPipeline - ERROR -  Erreur lors de l'exécution : Unknown gene expression normalization method: tmm
2026-04-27 03:14:07,987 - MultiOmicsPipeline - INFO - Système de logging configuré
2026-04-27 03:14:08,743 - MultiOmicsPipeline - INFO -  Démarrage du pipeline multi-omiques
2026-04-27 03:14:08,829 - MultiOmicsPipeline - INFO -  Chargement des données
2026-04-27 03:14:08,951 - MultiOmicsPipeline - INFO -  Données chargées depuis demo_expression_data.csv : (10, 6)
2026-04-27 03:14:09,061 - MultiOmicsPipeline - INFO -  Données chargées depuis demo_clinical_data.csv : (10, 6)
2026-04-27 03:14:09,100 - MultiOmicsPipeline - INFO - Données omiques : (10, 6)
2026-04-27 03:14:09,224 - MultiOmicsPipeline - INFO - Données cliniques : (10, 6)
2026-04-27 03:14:09,296 - MultiOmicsPipeline - INFO -  Prétraitement des données
2026-04-27 03:14:54,119 - MultiOmicsPipeline - INFO -  Prétraitement des données
2026-04-27 03:14:54,265 - MultiOmicsPipeline - INFO - Gestion des valeurs manquantes
2026-04-27 03:14:54,392 - MissingValueHandler - INFO - Imputation des valeurs manquantes avec stratégie : knn
2026-04-27 03:14:54,460 - MissingValueHandler - INFO - Valeurs manquantes avant imputation : 2
2026-04-27 03:14:54,530 - MissingValueHandler - INFO - ✅ Imputation KNN terminée. Valeurs manquantes après : 0
2026-04-27 03:14:54,636 - MissingValueHandler - INFO - Imputation des valeurs manquantes avec stratégie : knn
2026-04-27 03:14:54,674 - MissingValueHandler - INFO - Valeurs manquantes avant imputation : 1
2026-04-27 03:14:54,776 - MissingValueHandler - INFO - ✅ Imputation KNN terminée. Valeurs manquantes après : 0
2026-04-27 03:14:54,915 - MultiOmicsPipeline - INFO - Normalisation des données omiques
2026-04-27 03:14:55,051 - preprocessing.normalization - INFO - Initialized DataNormalizer
2026-04-27 03:14:55,173 - preprocessing.normalization - INFO - Fitting normalizer for data type: gene_expression
2026-04-27 03:14:55,345 - preprocessing.normalization - INFO - Normalizing gene expression data (method: standard)
2026-04-27 03:14:55,466 - preprocessing.normalization - INFO - Applying standard scaling
2026-04-27 03:14:55,530 - preprocessing.normalization - INFO - Standard scaling complete. Shape: (10, 5)
2026-04-27 03:14:55,610 - MultiOmicsPipeline - INFO - Valeurs manquantes omiques : 0 → 0
2026-04-27 03:14:55,704 - MultiOmicsPipeline - INFO - Valeurs manquantes cliniques : 0 → 0
2026-04-27 03:14:55,772 - MultiOmicsPipeline - INFO -  Intégration des données
2026-04-27 03:14:55,901 - MultiOmicsPipeline - ERROR -  Erreur lors de l'exécution : cannot import name 'SampleAlignment' from 'integration.sample_alignment' (C:\Users\nidha\Desktop\Nouveau dossier (2)\Multi-Omics-Clinical-Integration-Pipeline-MOCIP\projet-multi-omiques\src\integration\sample_alignment.py)
2026-04-27 03:35:21,885 - MultiOmicsPipeline - INFO - Système de logging configuré
2026-04-27 03:35:21,895 - MultiOmicsPipeline - INFO -  Démarrage du pipeline multi-omiques
2026-04-27 03:35:21,900 - MultiOmicsPipeline - INFO -  Chargement des données
2026-04-27 03:35:21,907 - MultiOmicsPipeline - INFO -  Données chargées depuis demo_expression_data.csv : (10, 6)
2026-04-27 03:35:21,921 - MultiOmicsPipeline - INFO -  Données chargées depuis demo_clinical_data.csv : (10, 6)
2026-04-27 03:35:21,923 - MultiOmicsPipeline - INFO - Données omiques : (10, 6)
2026-04-27 03:35:21,924 - MultiOmicsPipeline - INFO - Données cliniques : (10, 6)
2026-04-27 03:35:21,924 - MultiOmicsPipeline - INFO -  Prétraitement des données
2026-04-27 03:35:37,793 - MultiOmicsPipeline - INFO -  Prétraitement des données
2026-04-27 03:35:37,809 - MultiOmicsPipeline - INFO - Gestion des valeurs manquantes
2026-04-27 03:35:37,825 - MissingValueHandler - INFO - Imputation des valeurs manquantes avec stratégie : knn
2026-04-27 03:35:37,848 - MissingValueHandler - INFO - Valeurs manquantes avant imputation : 2
2026-04-27 03:35:37,898 - MissingValueHandler - INFO - ✅ Imputation KNN terminée. Valeurs manquantes après : 0
2026-04-27 03:35:37,912 - MissingValueHandler - INFO - Imputation des valeurs manquantes avec stratégie : knn
2026-04-27 03:35:37,935 - MissingValueHandler - INFO - Valeurs manquantes avant imputation : 1
2026-04-27 03:35:37,954 - MissingValueHandler - INFO - ✅ Imputation KNN terminée. Valeurs manquantes après : 0
2026-04-27 03:35:37,969 - MultiOmicsPipeline - INFO - Normalisation des données omiques
2026-04-27 03:35:38,007 - preprocessing.normalization - INFO - Initialized DataNormalizer
2026-04-27 03:35:38,016 - preprocessing.normalization - INFO - Fitting normalizer for data type: gene_expression
2026-04-27 03:35:38,034 - preprocessing.normalization - INFO - Normalizing gene expression data (method: standard)
2026-04-27 03:35:38,042 - preprocessing.normalization - INFO - Applying standard scaling
2026-04-27 03:35:38,054 - preprocessing.normalization - INFO - Standard scaling complete. Shape: (10, 5)
2026-04-27 03:35:38,097 - MultiOmicsPipeline - INFO - Valeurs manquantes omiques : 0 → 0
2026-04-27 03:35:38,112 - MultiOmicsPipeline - INFO - Valeurs manquantes cliniques : 0 → 0
2026-04-27 03:35:38,117 - MultiOmicsPipeline - INFO -  Intégration des données
2026-04-27 03:35:38,142 - MultiOmicsPipeline - ERROR -  Erreur lors de l'exécution : cannot import name 'SampleAlignment' from 'integration.sample_alignment' (C:\Users\nidha\Desktop\Nouveau dossier (2)\Multi-Omics-Clinical-Integration-Pipeline-MOCIP\projet-multi-omiques\src\integration\sample_alignment.py)
2026-04-27 03:52:44,740 - MultiOmicsPipeline - INFO - Système de logging configuré
2026-04-27 03:52:44,748 - MultiOmicsPipeline - INFO -  Démarrage du pipeline multi-omiques
2026-04-27 03:52:44,748 - MultiOmicsPipeline - INFO -  Chargement des données
2026-04-27 03:52:44,751 - MultiOmicsPipeline - INFO -  Données chargées depuis demo_expression_data.csv : (10, 6)
2026-04-27 03:52:44,757 - MultiOmicsPipeline - INFO -  Données chargées depuis demo_clinical_data.csv : (10, 6)
2026-04-27 03:52:44,760 - MultiOmicsPipeline - INFO - Données omiques : (10, 6)
2026-04-27 03:52:44,762 - MultiOmicsPipeline - INFO - Données cliniques : (10, 6)
2026-04-27 03:52:44,762 - MultiOmicsPipeline - INFO -  Prétraitement des données
2026-04-27 03:52:57,879 - MultiOmicsPipeline - INFO -  Prétraitement des données
2026-04-27 03:52:57,889 - MultiOmicsPipeline - INFO - Gestion des valeurs manquantes
2026-04-27 03:52:57,896 - MissingValueHandler - INFO - Imputation des valeurs manquantes avec stratégie : knn
2026-04-27 03:52:57,914 - MissingValueHandler - INFO - Valeurs manquantes avant imputation : 2
2026-04-27 03:52:57,965 - MissingValueHandler - INFO - ✅ Imputation KNN terminée. Valeurs manquantes après : 0
2026-04-27 03:52:57,970 - MissingValueHandler - INFO - Imputation des valeurs manquantes avec stratégie : knn
2026-04-27 03:52:57,984 - MissingValueHandler - INFO - Valeurs manquantes avant imputation : 1
2026-04-27 03:52:58,030 - MissingValueHandler - INFO - ✅ Imputation KNN terminée. Valeurs manquantes après : 0
2026-04-27 03:52:58,040 - MultiOmicsPipeline - INFO - Normalisation des données omiques
2026-04-27 03:52:58,046 - preprocessing.normalization - INFO - Initialized DataNormalizer
2026-04-27 03:52:58,054 - preprocessing.normalization - INFO - Fitting normalizer for data type: gene_expression
2026-04-27 03:52:58,059 - preprocessing.normalization - INFO - Normalizing gene expression data (method: standard)
2026-04-27 03:52:58,064 - preprocessing.normalization - INFO - Applying standard scaling
2026-04-27 03:52:58,079 - preprocessing.normalization - INFO - Standard scaling complete. Shape: (10, 5)
2026-04-27 03:52:58,099 - MultiOmicsPipeline - INFO - Valeurs manquantes omiques : 0 → 0
2026-04-27 03:52:58,112 - MultiOmicsPipeline - INFO - Valeurs manquantes cliniques : 0 → 0
2026-04-27 03:52:58,120 - MultiOmicsPipeline - INFO -  Intégration des données
2026-04-27 03:52:58,147 - MultiOmicsPipeline - ERROR -  Erreur lors de l'exécution : cannot import name 'SampleAlignment' from 'integration.sample_alignment' (C:\Users\nidha\Desktop\Nouveau dossier (2)\Multi-Omics-Clinical-Integration-Pipeline-MOCIP\projet-multi-omiques\src\integration\sample_alignment.py)
2026-04-28 01:13:37,482 - MultiOmicsPipeline - INFO - Logging system configured
2026-04-28 01:13:37,482 - MultiOmicsPipeline - INFO -  Starting multi-omics pipeline
2026-04-28 01:13:37,484 - MultiOmicsPipeline - INFO -  Loading data
2026-04-28 01:13:37,495 - MultiOmicsPipeline - INFO -  Data loaded from demo_expression_data.csv: (10, 6)
2026-04-28 01:13:37,504 - MultiOmicsPipeline - INFO -  Data loaded from demo_clinical_data.csv: (10, 6)
2026-04-28 01:13:37,505 - MultiOmicsPipeline - INFO - Omics data: (10, 6)
2026-04-28 01:13:37,505 - MultiOmicsPipeline - INFO - Clinical data: (10, 6)
2026-04-28 01:13:37,505 - MultiOmicsPipeline - INFO -  Data preprocessing
2026-04-28 01:13:37,505 - MultiOmicsPipeline - INFO -  Data preprocessing
2026-04-28 01:13:37,505 - MultiOmicsPipeline - INFO - Missing values handling
2026-04-28 01:13:37,506 - MissingValueHandler - INFO - Imputing missing values with strategy: knn
2026-04-28 01:13:37,506 - MissingValueHandler - INFO - Missing values before imputation: 2
2026-04-28 01:13:37,550 - MissingValueHandler - INFO - Imputing missing values with strategy: knn
2026-04-28 01:13:37,550 - MissingValueHandler - INFO - Missing values before imputation: 1
2026-04-28 01:13:37,559 - MultiOmicsPipeline - INFO - Omics data normalization
2026-04-28 01:13:37,561 - preprocessing.normalization - INFO - Initialized DataNormalizer
2026-04-28 01:13:37,561 - preprocessing.normalization - INFO - Fitting normalizer for data type: gene_expression
2026-04-28 01:13:37,561 - preprocessing.normalization - INFO - Normalizing gene expression data (method: standard)
2026-04-28 01:13:37,561 - preprocessing.normalization - INFO - Applying standard scaling
2026-04-28 01:13:37,563 - preprocessing.normalization - INFO - Standard scaling complete. Shape: (10, 5)
2026-04-28 01:13:37,567 - MultiOmicsPipeline - INFO -  Data integration
2026-04-28 01:13:37,567 - MultiOmicsPipeline - ERROR -  Error during execution: cannot import name 'SampleAlignment' from 'integration.sample_alignment' (C:\Users\nidha\Desktop\Nouveau dossier (2)\Multi-Omics-Clinical-Integration-Pipeline-MOCIP\projet-multi-omiques\src\integration\sample_alignment.py)
2026-04-28 01:15:12,975 - MultiOmicsPipeline - INFO - Logging system configured
2026-04-28 01:15:12,975 - MultiOmicsPipeline - INFO -  Starting multi-omics pipeline
2026-04-28 01:15:12,975 - MultiOmicsPipeline - INFO -  Loading data
2026-04-28 01:15:12,977 - MultiOmicsPipeline - INFO -  Data loaded from demo_expression_data.csv: (10, 6)
2026-04-28 01:15:12,978 - MultiOmicsPipeline - INFO -  Data loaded from demo_clinical_data.csv: (10, 6)
2026-04-28 01:15:12,978 - MultiOmicsPipeline - INFO - Omics data: (10, 6)
2026-04-28 01:15:12,978 - MultiOmicsPipeline - INFO - Clinical data: (10, 6)
2026-04-28 01:15:12,979 - MultiOmicsPipeline - INFO -  Data preprocessing
2026-04-28 01:15:12,979 - MultiOmicsPipeline - INFO -  Data preprocessing
2026-04-28 01:15:12,979 - MultiOmicsPipeline - INFO - Missing values handling
2026-04-28 01:15:12,979 - MissingValueHandler - INFO - Imputing missing values with strategy: knn
2026-04-28 01:15:12,980 - MissingValueHandler - INFO - Missing values before imputation: 2
2026-04-28 01:15:12,984 - MissingValueHandler - INFO - [OK] KNN imputation completed. Missing values after: 0
2026-04-28 01:15:12,985 - MissingValueHandler - INFO - Imputing missing values with strategy: knn
2026-04-28 01:15:12,985 - MissingValueHandler - INFO - Missing values before imputation: 1
2026-04-28 01:15:12,989 - MissingValueHandler - INFO - [OK] KNN imputation completed. Missing values after: 0
2026-04-28 01:15:12,989 - MultiOmicsPipeline - INFO - Omics data normalization
2026-04-28 01:15:12,989 - preprocessing.normalization - INFO - Initialized OmicsNormalizer
2026-04-28 01:15:12,989 - preprocessing.normalization - INFO - Fitting normalizer for data type: gene_expression
2026-04-28 01:15:12,990 - preprocessing.normalization - INFO - Normalizing gene expression data (method: standard)
2026-04-28 01:15:12,990 - preprocessing.normalization - INFO - Applying standard scaling
2026-04-28 01:15:12,992 - preprocessing.normalization - INFO - Standard scaling complete. Shape: (10, 5)
2026-04-28 01:15:12,993 - MultiOmicsPipeline - INFO - Omics missing values: 0 -> 0
2026-04-28 01:15:12,993 - MultiOmicsPipeline - INFO - Clinical missing values: 0 -> 0
2026-04-28 01:15:12,993 - MultiOmicsPipeline - INFO -  Data integration
2026-04-28 01:15:12,993 - MultiOmicsPipeline - INFO -  Data integration
2026-04-28 01:15:12,994 - MultiOmicsPipeline - INFO - Sample alignment
2026-04-28 01:15:12,994 - MultiOmicsPipeline - ERROR -  Error during execution: SampleAlignment.__init__() got an unexpected keyword argument 'fuzzy_matching'
2026-04-28 01:16:56,736 - MultiOmicsPipeline - INFO - Logging system configured
2026-04-28 01:16:56,736 - MultiOmicsPipeline - INFO -  Starting multi-omics pipeline
2026-04-28 01:16:56,736 - MultiOmicsPipeline - INFO -  Loading data
2026-04-28 01:16:56,739 - MultiOmicsPipeline - INFO -  Data loaded from demo_expression_data.csv: (10, 6)
2026-04-28 01:16:56,741 - MultiOmicsPipeline - INFO -  Data loaded from demo_clinical_data.csv: (10, 6)
2026-04-28 01:16:56,741 - MultiOmicsPipeline - INFO - Omics data: (10, 6)
2026-04-28 01:16:56,741 - MultiOmicsPipeline - INFO - Clinical data: (10, 6)
2026-04-28 01:16:56,741 - MultiOmicsPipeline - INFO -  Data preprocessing
2026-04-28 01:16:56,741 - MultiOmicsPipeline - INFO -  Data preprocessing
2026-04-28 01:16:56,741 - MultiOmicsPipeline - INFO - Missing values handling
2026-04-28 01:16:56,741 - MissingValueHandler - INFO - Imputing missing values with strategy: knn
2026-04-28 01:16:56,741 - MissingValueHandler - INFO - Missing values before imputation: 2
2026-04-28 01:16:56,745 - MissingValueHandler - INFO - [OK] KNN imputation completed. Missing values after: 0
2026-04-28 01:16:56,745 - MissingValueHandler - INFO - Imputing missing values with strategy: knn
2026-04-28 01:16:56,745 - MissingValueHandler - INFO - Missing values before imputation: 1
2026-04-28 01:16:56,749 - MissingValueHandler - INFO - [OK] KNN imputation completed. Missing values after: 0
2026-04-28 01:16:56,749 - MultiOmicsPipeline - INFO - Omics data normalization
2026-04-28 01:16:56,749 - preprocessing.normalization - INFO - Initialized OmicsNormalizer
2026-04-28 01:16:56,749 - preprocessing.normalization - INFO - Fitting normalizer for data type: gene_expression
2026-04-28 01:16:56,749 - preprocessing.normalization - INFO - Normalizing gene expression data (method: standard)
2026-04-28 01:16:56,749 - preprocessing.normalization - INFO - Applying standard scaling
2026-04-28 01:16:56,750 - preprocessing.normalization - INFO - Standard scaling complete. Shape: (10, 5)
2026-04-28 01:16:56,751 - MultiOmicsPipeline - INFO - Omics missing values: 0 -> 0
2026-04-28 01:16:56,751 - MultiOmicsPipeline - INFO - Clinical missing values: 0 -> 0
2026-04-28 01:16:56,752 - MultiOmicsPipeline - INFO -  Data integration
2026-04-28 01:16:56,752 - MultiOmicsPipeline - INFO -  Data integration
2026-04-28 01:16:56,752 - MultiOmicsPipeline - INFO - Sample alignment
2026-04-28 01:16:56,752 - MultiOmicsPipeline - ERROR -  Error during execution: SampleAlignment.__init__() got an unexpected keyword argument 'fuzzy_matching'
2026-04-28 01:18:24,428 - MultiOmicsPipeline - INFO - Logging system configured
2026-04-28 01:18:24,428 - MultiOmicsPipeline - INFO -  Starting multi-omics pipeline
2026-04-28 01:18:24,428 - MultiOmicsPipeline - INFO -  Loading data
2026-04-28 01:18:24,431 - MultiOmicsPipeline - INFO -  Data loaded from demo_expression_data.csv: (10, 6)
2026-04-28 01:18:24,432 - MultiOmicsPipeline - INFO -  Data loaded from demo_clinical_data.csv: (10, 6)
2026-04-28 01:18:24,432 - MultiOmicsPipeline - INFO - Omics data: (10, 6)
2026-04-28 01:18:24,432 - MultiOmicsPipeline - INFO - Clinical data: (10, 6)
2026-04-28 01:18:24,432 - MultiOmicsPipeline - INFO -  Data preprocessing
2026-04-28 01:18:24,432 - MultiOmicsPipeline - INFO -  Data preprocessing
2026-04-28 01:18:24,432 - MultiOmicsPipeline - INFO - Missing values handling
2026-04-28 01:18:24,432 - MissingValueHandler - INFO - Imputing missing values with strategy: knn
2026-04-28 01:18:24,432 - MissingValueHandler - INFO - Missing values before imputation: 2
2026-04-28 01:18:24,436 - MissingValueHandler - INFO - [OK] KNN imputation completed. Missing values after: 0
2026-04-28 01:18:24,436 - MissingValueHandler - INFO - Imputing missing values with strategy: knn
2026-04-28 01:18:24,436 - MissingValueHandler - INFO - Missing values before imputation: 1
2026-04-28 01:18:24,439 - MissingValueHandler - INFO - [OK] KNN imputation completed. Missing values after: 0
2026-04-28 01:18:24,440 - MultiOmicsPipeline - INFO - Omics data normalization
2026-04-28 01:18:24,440 - preprocessing.normalization - INFO - Initialized OmicsNormalizer
2026-04-28 01:18:24,440 - preprocessing.normalization - INFO - Fitting normalizer for data type: gene_expression
2026-04-28 01:18:24,440 - preprocessing.normalization - INFO - Normalizing gene expression data (method: standard)
2026-04-28 01:18:24,440 - preprocessing.normalization - INFO - Applying standard scaling
2026-04-28 01:18:24,442 - preprocessing.normalization - INFO - Standard scaling complete. Shape: (10, 5)
2026-04-28 01:18:24,443 - MultiOmicsPipeline - INFO - Omics missing values: 0 -> 0
2026-04-28 01:18:24,443 - MultiOmicsPipeline - INFO - Clinical missing values: 0 -> 0
2026-04-28 01:18:24,443 - MultiOmicsPipeline - INFO -  Data integration
2026-04-28 01:18:24,443 - MultiOmicsPipeline - INFO -  Data integration
2026-04-28 01:18:24,443 - MultiOmicsPipeline - INFO - Sample alignment
2026-04-28 01:18:24,443 - integration.sample_alignment - INFO - Initialized SampleAlignment with method: match_by_patient_id
2026-04-28 01:18:24,443 - integration.sample_alignment - INFO - Aligning samples across omics datasets
2026-04-28 01:18:24,443 - integration.sample_alignment - WARNING - Sample ID column 'patient_id' not found in omic
2026-04-28 01:18:24,443 - integration.sample_alignment - INFO - omic: 0 samples
2026-04-28 01:18:24,443 - integration.sample_alignment - INFO - clinical: 10 samples
2026-04-28 01:18:24,443 - integration.sample_alignment - INFO - Matching samples by patient ID
2026-04-28 01:18:24,443 - integration.sample_alignment - WARNING - No common patient IDs found
2026-04-28 01:18:24,443 - MultiOmicsPipeline - ERROR -  Error during execution: No matching samples found
2026-04-28 01:34:36,502 - MultiOmicsPipeline - INFO - Logging system configured
2026-04-28 01:34:36,502 - MultiOmicsPipeline - INFO -  Starting multi-omics pipeline
2026-04-28 01:34:36,503 - MultiOmicsPipeline - INFO -  Loading data
2026-04-28 01:34:36,504 - MultiOmicsPipeline - INFO -  Data loaded from demo_expression_data.csv: (10, 6)
2026-04-28 01:34:36,506 - MultiOmicsPipeline - INFO -  Data loaded from demo_clinical_data.csv: (10, 6)
2026-04-28 01:34:36,506 - MultiOmicsPipeline - INFO - Omics data: (10, 6)
2026-04-28 01:34:36,506 - MultiOmicsPipeline - INFO - Clinical data: (10, 6)
2026-04-28 01:34:36,506 - MultiOmicsPipeline - INFO -  Data preprocessing
2026-04-28 01:34:36,506 - MultiOmicsPipeline - INFO -  Data preprocessing
2026-04-28 01:34:36,506 - MultiOmicsPipeline - INFO - Missing values handling
2026-04-28 01:34:36,506 - MissingValueHandler - INFO - Imputing missing values with strategy: knn
2026-04-28 01:34:36,506 - MissingValueHandler - INFO - Missing values before imputation: 2
2026-04-28 01:34:36,510 - MissingValueHandler - INFO - [OK] KNN imputation completed. Missing values after: 0
2026-04-28 01:34:36,510 - MissingValueHandler - INFO - Imputing missing values with strategy: knn
2026-04-28 01:34:36,511 - MissingValueHandler - INFO - Missing values before imputation: 1
2026-04-28 01:34:36,514 - MissingValueHandler - INFO - [OK] KNN imputation completed. Missing values after: 0
2026-04-28 01:34:36,514 - MultiOmicsPipeline - INFO - Omics data normalization
2026-04-28 01:34:36,514 - preprocessing.normalization - INFO - Initialized OmicsNormalizer
2026-04-28 01:34:36,514 - preprocessing.normalization - INFO - Fitting normalizer for data type: gene_expression
2026-04-28 01:34:36,515 - preprocessing.normalization - INFO - Normalizing gene expression data (method: standard)
2026-04-28 01:34:36,515 - preprocessing.normalization - INFO - Applying standard scaling
2026-04-28 01:34:36,516 - preprocessing.normalization - INFO - Standard scaling complete. Shape: (10, 5)
2026-04-28 01:34:36,517 - MultiOmicsPipeline - INFO - Omics missing values: 0 -> 0
2026-04-28 01:34:36,517 - MultiOmicsPipeline - INFO - Clinical missing values: 0 -> 0
2026-04-28 01:34:36,517 - MultiOmicsPipeline - INFO -  Data integration
2026-04-28 01:34:36,517 - MultiOmicsPipeline - INFO -  Data integration
2026-04-28 01:34:36,517 - MultiOmicsPipeline - INFO - Sample alignment
2026-04-28 01:34:36,517 - integration.sample_alignment - INFO - Initialized SampleAlignment with method: match_by_patient_id
2026-04-28 01:34:36,518 - integration.sample_alignment - INFO - Aligning samples across omics datasets
2026-04-28 01:34:36,518 - integration.sample_alignment - INFO - omic: 10 samples
2026-04-28 01:34:36,518 - integration.sample_alignment - INFO - clinical: 10 samples
2026-04-28 01:34:36,518 - integration.sample_alignment - INFO - Matching samples by patient ID
2026-04-28 01:34:36,518 - integration.sample_alignment - INFO - Found 10 common patient IDs
2026-04-28 01:34:36,518 - integration.sample_alignment - INFO - Creating aligned datasets
2026-04-28 01:34:36,518 - integration.sample_alignment - INFO - Aligned omic: 10 samples
2026-04-28 01:34:36,519 - integration.sample_alignment - INFO - Aligned clinical: 10 samples
2026-04-28 01:34:36,519 - integration.sample_alignment - INFO - Sample alignment complete: 10 matched samples
2026-04-28 01:34:36,519 - MultiOmicsPipeline - INFO - Multi-modality fusion
2026-04-28 01:34:36,519 - integration.data_fusion - INFO - Initialized MultiOmicsFusion with methods: ['horizontal']
2026-04-28 01:34:36,519 - integration.data_fusion - INFO - Performing early integration
2026-04-28 01:34:36,523 - integration.data_fusion - INFO - Early integration complete: 10 samples, 7 features
2026-04-28 01:34:36,523 - MultiOmicsPipeline - INFO - Feature scaling
2026-04-28 01:34:36,524 - MultiOmicsPipeline - INFO -  Integration complete: (10, 8)
2026-04-28 01:34:36,525 - MultiOmicsPipeline - INFO -  ML Modeling
2026-04-28 01:34:36,548 - MultiOmicsPipeline - INFO -  Executing Machine Learning model
2026-04-28 01:34:36,548 - export.ml_exporter - INFO - Initialized MLExporter with test_size: 0.2
2026-04-28 01:34:36,548 - MultiOmicsPipeline - WARNING - Target variable 'treatment_response' not found. Modeling skipped.
2026-04-28 01:34:36,550 - MultiOmicsPipeline - INFO -  Results export
2026-04-28 01:34:36,550 - MultiOmicsPipeline - INFO -  CSV Export
2026-04-28 01:34:36,550 - CSVExporter - INFO - CSV export to test_simple/integrated_data.csv
2026-04-28 01:34:36,552 - CSVExporter - INFO - [OK] CSV export complete: test_simple/integrated_data.csv
2026-04-28 01:34:36,552 - MultiOmicsPipeline - INFO -  Data exported to CSV: test_simple/integrated_data.csv
2026-04-28 01:34:36,553 - MultiOmicsPipeline - INFO -  JSON Export
2026-04-28 01:34:36,553 - MultiOmicsPipeline - ERROR -  Error during execution: JSONExporter.export_with_schema() got an unexpected keyword argument 'include_metadata'
2026-04-28 01:35:32,582 - MultiOmicsPipeline - INFO - Logging system configured
2026-04-28 01:35:32,582 - MultiOmicsPipeline - INFO -  Starting multi-omics pipeline
2026-04-28 01:35:32,582 - MultiOmicsPipeline - INFO -  Loading data
2026-04-28 01:35:32,584 - MultiOmicsPipeline - INFO -  Data loaded from demo_expression_data.csv: (10, 6)
2026-04-28 01:35:32,585 - MultiOmicsPipeline - INFO -  Data loaded from demo_clinical_data.csv: (10, 6)
2026-04-28 01:35:32,585 - MultiOmicsPipeline - INFO - Omics data: (10, 6)
2026-04-28 01:35:32,585 - MultiOmicsPipeline - INFO - Clinical data: (10, 6)
2026-04-28 01:35:32,585 - MultiOmicsPipeline - INFO -  Data preprocessing
2026-04-28 01:35:32,585 - MultiOmicsPipeline - INFO -  Data preprocessing
2026-04-28 01:35:32,585 - MultiOmicsPipeline - INFO - Missing values handling
2026-04-28 01:35:32,585 - MissingValueHandler - INFO - Imputing missing values with strategy: knn
2026-04-28 01:35:32,585 - MissingValueHandler - INFO - Missing values before imputation: 2
2026-04-28 01:35:32,589 - MissingValueHandler - INFO - [OK] KNN imputation completed. Missing values after: 0
2026-04-28 01:35:32,589 - MissingValueHandler - INFO - Imputing missing values with strategy: knn
2026-04-28 01:35:32,589 - MissingValueHandler - INFO - Missing values before imputation: 1
2026-04-28 01:35:32,593 - MissingValueHandler - INFO - [OK] KNN imputation completed. Missing values after: 0
2026-04-28 01:35:32,593 - MultiOmicsPipeline - INFO - Omics data normalization
2026-04-28 01:35:32,593 - preprocessing.normalization - INFO - Initialized OmicsNormalizer
2026-04-28 01:35:32,593 - preprocessing.normalization - INFO - Fitting normalizer for data type: gene_expression
2026-04-28 01:35:32,593 - preprocessing.normalization - INFO - Normalizing gene expression data (method: standard)
2026-04-28 01:35:32,593 - preprocessing.normalization - INFO - Applying standard scaling
2026-04-28 01:35:32,595 - preprocessing.normalization - INFO - Standard scaling complete. Shape: (10, 5)
2026-04-28 01:35:32,596 - MultiOmicsPipeline - INFO - Omics missing values: 0 -> 0
2026-04-28 01:35:32,596 - MultiOmicsPipeline - INFO - Clinical missing values: 0 -> 0
2026-04-28 01:35:32,596 - MultiOmicsPipeline - INFO -  Data integration
2026-04-28 01:35:32,596 - MultiOmicsPipeline - INFO -  Data integration
2026-04-28 01:35:32,596 - MultiOmicsPipeline - INFO - Sample alignment
2026-04-28 01:35:32,596 - integration.sample_alignment - INFO - Initialized SampleAlignment with method: match_by_patient_id
2026-04-28 01:35:32,596 - integration.sample_alignment - INFO - Aligning samples across omics datasets
2026-04-28 01:35:32,597 - integration.sample_alignment - INFO - omic: 10 samples
2026-04-28 01:35:32,597 - integration.sample_alignment - INFO - clinical: 10 samples
2026-04-28 01:35:32,597 - integration.sample_alignment - INFO - Matching samples by patient ID
2026-04-28 01:35:32,597 - integration.sample_alignment - INFO - Found 10 common patient IDs
2026-04-28 01:35:32,597 - integration.sample_alignment - INFO - Creating aligned datasets
2026-04-28 01:35:32,597 - integration.sample_alignment - INFO - Aligned omic: 10 samples
2026-04-28 01:35:32,598 - integration.sample_alignment - INFO - Aligned clinical: 10 samples
2026-04-28 01:35:32,598 - integration.sample_alignment - INFO - Sample alignment complete: 10 matched samples
2026-04-28 01:35:32,598 - MultiOmicsPipeline - INFO - Multi-modality fusion
2026-04-28 01:35:32,598 - integration.data_fusion - INFO - Initialized MultiOmicsFusion with methods: ['horizontal']
2026-04-28 01:35:32,598 - integration.data_fusion - INFO - Performing early integration
2026-04-28 01:35:32,602 - integration.data_fusion - INFO - Early integration complete: 10 samples, 7 features
2026-04-28 01:35:32,602 - MultiOmicsPipeline - INFO - Feature scaling
2026-04-28 01:35:32,603 - MultiOmicsPipeline - INFO -  Integration complete: (10, 8)
2026-04-28 01:35:32,604 - MultiOmicsPipeline - INFO -  ML Modeling
2026-04-28 01:35:32,613 - MultiOmicsPipeline - INFO -  Executing Machine Learning model
2026-04-28 01:35:32,613 - export.ml_exporter - INFO - Initialized MLExporter with test_size: 0.2
2026-04-28 01:35:32,613 - MultiOmicsPipeline - WARNING - Target variable 'treatment_response' not found. Modeling skipped.
2026-04-28 01:35:32,613 - MultiOmicsPipeline - INFO -  Results export
2026-04-28 01:35:32,614 - MultiOmicsPipeline - INFO -  CSV Export
2026-04-28 01:35:32,614 - CSVExporter - INFO - CSV export to test_simple/integrated_data.csv
2026-04-28 01:35:32,616 - CSVExporter - INFO - [OK] CSV export complete: test_simple/integrated_data.csv
2026-04-28 01:35:32,616 - MultiOmicsPipeline - INFO -  Data exported to CSV: test_simple/integrated_data.csv
2026-04-28 01:35:32,616 - MultiOmicsPipeline - INFO -  JSON Export
2026-04-28 01:35:32,616 - JSONExporter - INFO - Export JSON vers test_simple/integrated_data.json
2026-04-28 01:35:32,617 - JSONExporter - INFO - Creating JSON schema
2026-04-28 01:35:32,623 - JSONExporter - INFO - [OK] JSON export completed: test_simple/integrated_data.json
2026-04-28 01:35:32,623 - MultiOmicsPipeline - INFO -  Data exported to JSON: test_simple/integrated_data.json
2026-04-28 01:35:32,623 - MultiOmicsPipeline - INFO -  Pipeline completed successfully
2026-04-28 01:36:32,544 - MultiOmicsPipeline - INFO - Logging system configured
2026-04-28 01:36:32,544 - MultiOmicsPipeline - INFO -  Starting multi-omics pipeline
2026-04-28 01:36:32,544 - MultiOmicsPipeline - INFO -  Loading data
2026-04-28 01:36:32,547 - MultiOmicsPipeline - INFO -  Data loaded from demo_expression_data.csv: (10, 6)
2026-04-28 01:36:32,548 - MultiOmicsPipeline - INFO -  Data loaded from demo_clinical_data.csv: (10, 6)
2026-04-28 01:36:32,548 - MultiOmicsPipeline - INFO - Omics data: (10, 6)
2026-04-28 01:36:32,548 - MultiOmicsPipeline - INFO - Clinical data: (10, 6)
2026-04-28 01:36:32,548 - MultiOmicsPipeline - INFO -  Data preprocessing
2026-04-28 01:36:33,740 - MultiOmicsPipeline - INFO -  Data preprocessing
2026-04-28 01:36:33,740 - MultiOmicsPipeline - INFO - Missing values handling
2026-04-28 01:36:33,740 - MissingValueHandler - INFO - Imputing missing values with strategy: knn
2026-04-28 01:36:33,741 - MissingValueHandler - INFO - Missing values before imputation: 2
2026-04-28 01:36:33,746 - MissingValueHandler - INFO - [OK] KNN imputation completed. Missing values after: 0
2026-04-28 01:36:33,746 - MissingValueHandler - INFO - Imputing missing values with strategy: knn
2026-04-28 01:36:33,746 - MissingValueHandler - INFO - Missing values before imputation: 1
2026-04-28 01:36:33,749 - MissingValueHandler - INFO - [OK] KNN imputation completed. Missing values after: 0
2026-04-28 01:36:33,749 - MultiOmicsPipeline - INFO - Omics data normalization
2026-04-28 01:36:33,750 - preprocessing.normalization - INFO - Initialized OmicsNormalizer
2026-04-28 01:36:33,750 - preprocessing.normalization - INFO - Fitting normalizer for data type: gene_expression
2026-04-28 01:36:33,750 - preprocessing.normalization - INFO - Normalizing gene expression data (method: standard)
2026-04-28 01:36:33,750 - preprocessing.normalization - INFO - Applying standard scaling
2026-04-28 01:36:33,752 - preprocessing.normalization - INFO - Standard scaling complete. Shape: (10, 5)
2026-04-28 01:36:33,753 - MultiOmicsPipeline - INFO - Omics missing values: 0 -> 0
2026-04-28 01:36:33,753 - MultiOmicsPipeline - INFO - Clinical missing values: 0 -> 0
2026-04-28 01:36:33,753 - MultiOmicsPipeline - INFO -  Data integration
2026-04-28 01:36:33,793 - MultiOmicsPipeline - INFO -  Data integration
2026-04-28 01:36:33,793 - MultiOmicsPipeline - INFO - Sample alignment
2026-04-28 01:36:33,793 - integration.sample_alignment - INFO - Initialized SampleAlignment with method: match_by_patient_id
2026-04-28 01:36:33,793 - integration.sample_alignment - INFO - Aligning samples across omics datasets
2026-04-28 01:36:33,793 - integration.sample_alignment - INFO - omic: 10 samples
2026-04-28 01:36:33,794 - integration.sample_alignment - INFO - clinical: 10 samples
2026-04-28 01:36:33,794 - integration.sample_alignment - INFO - Matching samples by patient ID
2026-04-28 01:36:33,795 - integration.sample_alignment - INFO - Found 10 common patient IDs
2026-04-28 01:36:33,795 - integration.sample_alignment - INFO - Creating aligned datasets
2026-04-28 01:36:33,796 - integration.sample_alignment - INFO - Aligned omic: 10 samples
2026-04-28 01:36:33,796 - integration.sample_alignment - INFO - Aligned clinical: 10 samples
2026-04-28 01:36:33,797 - integration.sample_alignment - INFO - Sample alignment complete: 10 matched samples
2026-04-28 01:36:33,797 - MultiOmicsPipeline - INFO - Multi-modality fusion
2026-04-28 01:36:33,797 - integration.data_fusion - INFO - Initialized MultiOmicsFusion with methods: ['horizontal']
2026-04-28 01:36:33,797 - integration.data_fusion - INFO - Performing early integration
2026-04-28 01:36:33,801 - integration.data_fusion - INFO - Early integration complete: 10 samples, 7 features
2026-04-28 01:36:33,801 - MultiOmicsPipeline - INFO - Feature scaling
2026-04-28 01:36:33,803 - MultiOmicsPipeline - INFO -  Integration complete: (10, 8)
2026-04-28 01:36:33,803 - MultiOmicsPipeline - INFO -  ML Modeling
2026-04-28 01:36:33,813 - MultiOmicsPipeline - INFO -  Executing Machine Learning model
2026-04-28 01:36:33,813 - export.ml_exporter - INFO - Initialized MLExporter with test_size: 0.2
2026-04-28 01:36:33,813 - MultiOmicsPipeline - WARNING - Target variable 'treatment_response' not found. Modeling skipped.
2026-04-28 01:36:33,813 - MultiOmicsPipeline - INFO -  Results export
2026-04-28 01:36:33,816 - MultiOmicsPipeline - INFO -  CSV Export
2026-04-28 01:36:33,816 - CSVExporter - INFO - CSV export to test_results_complet/integrated_data.csv
2026-04-28 01:36:33,832 - CSVExporter - INFO - [OK] CSV export complete: test_results_complet/integrated_data.csv
2026-04-28 01:36:33,832 - MultiOmicsPipeline - INFO -  Data exported to CSV: test_results_complet/integrated_data.csv
2026-04-28 01:36:33,832 - MultiOmicsPipeline - INFO -  JSON Export
2026-04-28 01:36:33,832 - JSONExporter - INFO - Export JSON vers test_results_complet/integrated_data.json
2026-04-28 01:36:33,835 - JSONExporter - INFO - Creating JSON schema
2026-04-28 01:36:33,842 - JSONExporter - INFO - [OK] JSON export completed: test_results_complet/integrated_data.json
2026-04-28 01:36:33,842 - MultiOmicsPipeline - INFO -  Data exported to JSON: test_results_complet/integrated_data.json
2026-04-28 01:36:33,842 - MultiOmicsPipeline - INFO -  Pipeline completed successfully
2026-04-28 01:37:36,442 - MultiOmicsPipeline - INFO - Logging system configured
2026-04-28 01:37:36,442 - MultiOmicsPipeline - INFO -  Starting multi-omics pipeline
2026-04-28 01:37:36,442 - MultiOmicsPipeline - INFO -  Loading data
2026-04-28 01:37:36,445 - MultiOmicsPipeline - INFO -  Data loaded from demo_expression_data.csv: (10, 6)
2026-04-28 01:37:36,446 - MultiOmicsPipeline - INFO -  Data loaded from demo_clinical_data.csv: (10, 6)
2026-04-28 01:37:36,446 - MultiOmicsPipeline - INFO - Omics data: (10, 6)
2026-04-28 01:37:36,446 - MultiOmicsPipeline - INFO - Clinical data: (10, 6)
2026-04-28 01:37:36,446 - MultiOmicsPipeline - INFO -  Data preprocessing
2026-04-28 01:37:37,627 - MultiOmicsPipeline - INFO -  Data preprocessing
2026-04-28 01:37:37,627 - MultiOmicsPipeline - INFO - Missing values handling
2026-04-28 01:37:37,627 - MissingValueHandler - INFO - Imputing missing values with strategy: knn
2026-04-28 01:37:37,628 - MissingValueHandler - INFO - Missing values before imputation: 2
2026-04-28 01:37:37,634 - MissingValueHandler - INFO - [OK] KNN imputation completed. Missing values after: 0
2026-04-28 01:37:37,634 - MissingValueHandler - INFO - Imputing missing values with strategy: knn
2026-04-28 01:37:37,634 - MissingValueHandler - INFO - Missing values before imputation: 1
2026-04-28 01:37:37,638 - MissingValueHandler - INFO - [OK] KNN imputation completed. Missing values after: 0
2026-04-28 01:37:37,638 - MultiOmicsPipeline - INFO - Omics data normalization
2026-04-28 01:37:37,638 - preprocessing.normalization - INFO - Initialized OmicsNormalizer
2026-04-28 01:37:37,638 - preprocessing.normalization - INFO - Fitting normalizer for data type: gene_expression
2026-04-28 01:37:37,638 - preprocessing.normalization - INFO - Normalizing gene expression data (method: standard)
2026-04-28 01:37:37,638 - preprocessing.normalization - INFO - Applying standard scaling
2026-04-28 01:37:37,640 - preprocessing.normalization - INFO - Standard scaling complete. Shape: (10, 5)
2026-04-28 01:37:37,641 - MultiOmicsPipeline - INFO - Omics missing values: 0 -> 0
2026-04-28 01:37:37,641 - MultiOmicsPipeline - INFO - Clinical missing values: 0 -> 0
2026-04-28 01:37:37,641 - MultiOmicsPipeline - INFO -  Data integration
2026-04-28 01:37:37,682 - MultiOmicsPipeline - INFO -  Data integration
2026-04-28 01:37:37,683 - MultiOmicsPipeline - INFO - Sample alignment
2026-04-28 01:37:37,683 - integration.sample_alignment - INFO - Initialized SampleAlignment with method: match_by_patient_id
2026-04-28 01:37:37,683 - integration.sample_alignment - INFO - Aligning samples across omics datasets
2026-04-28 01:37:37,683 - integration.sample_alignment - INFO - omic: 10 samples
2026-04-28 01:37:37,683 - integration.sample_alignment - INFO - clinical: 10 samples
2026-04-28 01:37:37,683 - integration.sample_alignment - INFO - Matching samples by patient ID
2026-04-28 01:37:37,684 - integration.sample_alignment - INFO - Found 10 common patient IDs
2026-04-28 01:37:37,684 - integration.sample_alignment - INFO - Creating aligned datasets
2026-04-28 01:37:37,685 - integration.sample_alignment - INFO - Aligned omic: 10 samples
2026-04-28 01:37:37,685 - integration.sample_alignment - INFO - Aligned clinical: 10 samples
2026-04-28 01:37:37,685 - integration.sample_alignment - INFO - Sample alignment complete: 10 matched samples
2026-04-28 01:37:37,685 - MultiOmicsPipeline - INFO - Multi-modality fusion
2026-04-28 01:37:37,686 - integration.data_fusion - INFO - Initialized MultiOmicsFusion with methods: ['horizontal']
2026-04-28 01:37:37,686 - integration.data_fusion - INFO - Performing early integration
2026-04-28 01:37:37,690 - integration.data_fusion - INFO - Early integration complete: 10 samples, 7 features
2026-04-28 01:37:37,690 - MultiOmicsPipeline - INFO - Feature scaling
2026-04-28 01:37:37,691 - MultiOmicsPipeline - INFO -  Integration complete: (10, 8)
2026-04-28 01:37:37,691 - MultiOmicsPipeline - INFO -  ML Modeling
2026-04-28 01:37:37,701 - MultiOmicsPipeline - INFO -  Executing Machine Learning model
2026-04-28 01:37:37,701 - export.ml_exporter - INFO - Initialized MLExporter with test_size: 0.2
2026-04-28 01:37:37,701 - MultiOmicsPipeline - WARNING - Target variable 'treatment_response' not found. Modeling skipped.
2026-04-28 01:37:37,701 - MultiOmicsPipeline - INFO -  Results export
2026-04-28 01:37:37,704 - MultiOmicsPipeline - INFO -  CSV Export
2026-04-28 01:37:37,704 - CSVExporter - INFO - CSV export to test_results_complet/integrated_data.csv
2026-04-28 01:37:37,707 - CSVExporter - INFO - [OK] CSV export complete: test_results_complet/integrated_data.csv
2026-04-28 01:37:37,707 - MultiOmicsPipeline - INFO -  Data exported to CSV: test_results_complet/integrated_data.csv
2026-04-28 01:37:37,707 - MultiOmicsPipeline - INFO -  JSON Export
2026-04-28 01:37:37,707 - JSONExporter - INFO - Export JSON vers test_results_complet/integrated_data.json
2026-04-28 01:37:37,709 - JSONExporter - INFO - Creating JSON schema
2026-04-28 01:37:37,715 - JSONExporter - INFO - [OK] JSON export completed: test_results_complet/integrated_data.json
2026-04-28 01:37:37,715 - MultiOmicsPipeline - INFO -  Data exported to JSON: test_results_complet/integrated_data.json
2026-04-28 01:37:37,715 - MultiOmicsPipeline - INFO -  Pipeline completed successfully
2026-04-28 01:38:54,678 - MultiOmicsPipeline - INFO - Logging system configured
2026-04-28 01:38:54,679 - MultiOmicsPipeline - INFO -  Starting multi-omics pipeline
2026-04-28 01:38:54,679 - MultiOmicsPipeline - INFO -  Loading data
2026-04-28 01:38:54,681 - MultiOmicsPipeline - INFO -  Data loaded from demo_expression_data.csv: (10, 6)
2026-04-28 01:38:54,682 - MultiOmicsPipeline - INFO -  Data loaded from demo_clinical_data.csv: (10, 6)
2026-04-28 01:38:54,682 - MultiOmicsPipeline - INFO - Omics data: (10, 6)
2026-04-28 01:38:54,682 - MultiOmicsPipeline - INFO - Clinical data: (10, 6)
2026-04-28 01:38:54,682 - MultiOmicsPipeline - INFO -  Data preprocessing
2026-04-28 01:38:55,950 - MultiOmicsPipeline - INFO -  Data preprocessing
2026-04-28 01:38:55,950 - MultiOmicsPipeline - INFO - Missing values handling
2026-04-28 01:38:55,950 - MissingValueHandler - INFO - Imputing missing values with strategy: knn
2026-04-28 01:38:55,952 - MissingValueHandler - INFO - Missing values before imputation: 2
2026-04-28 01:38:55,957 - MissingValueHandler - INFO - [OK] KNN imputation completed. Missing values after: 0
2026-04-28 01:38:55,957 - MissingValueHandler - INFO - Imputing missing values with strategy: knn
2026-04-28 01:38:55,958 - MissingValueHandler - INFO - Missing values before imputation: 1
2026-04-28 01:38:55,961 - MissingValueHandler - INFO - [OK] KNN imputation completed. Missing values after: 0
2026-04-28 01:38:55,961 - MultiOmicsPipeline - INFO - Omics data normalization
2026-04-28 01:38:55,961 - preprocessing.normalization - INFO - Initialized OmicsNormalizer
2026-04-28 01:38:55,961 - preprocessing.normalization - INFO - Fitting normalizer for data type: gene_expression
2026-04-28 01:38:55,961 - preprocessing.normalization - INFO - Normalizing gene expression data (method: standard)
2026-04-28 01:38:55,961 - preprocessing.normalization - INFO - Applying standard scaling
2026-04-28 01:38:55,962 - preprocessing.normalization - INFO - Standard scaling complete. Shape: (10, 5)
2026-04-28 01:38:55,964 - MultiOmicsPipeline - INFO - Omics missing values: 0 -> 0
2026-04-28 01:38:55,964 - MultiOmicsPipeline - INFO - Clinical missing values: 0 -> 0
2026-04-28 01:38:55,964 - MultiOmicsPipeline - INFO -  Data integration
2026-04-28 01:38:56,009 - MultiOmicsPipeline - INFO -  Data integration
2026-04-28 01:38:56,009 - MultiOmicsPipeline - INFO - Sample alignment
2026-04-28 01:38:56,009 - integration.sample_alignment - INFO - Initialized SampleAlignment with method: match_by_patient_id
2026-04-28 01:38:56,009 - integration.sample_alignment - INFO - Aligning samples across omics datasets
2026-04-28 01:38:56,009 - integration.sample_alignment - INFO - omic: 10 samples
2026-04-28 01:38:56,009 - integration.sample_alignment - INFO - clinical: 10 samples
2026-04-28 01:38:56,009 - integration.sample_alignment - INFO - Matching samples by patient ID
2026-04-28 01:38:56,010 - integration.sample_alignment - INFO - Found 10 common patient IDs
2026-04-28 01:38:56,010 - integration.sample_alignment - INFO - Creating aligned datasets
2026-04-28 01:38:56,010 - integration.sample_alignment - INFO - Aligned omic: 10 samples
2026-04-28 01:38:56,011 - integration.sample_alignment - INFO - Aligned clinical: 10 samples
2026-04-28 01:38:56,011 - integration.sample_alignment - INFO - Sample alignment complete: 10 matched samples
2026-04-28 01:38:56,012 - MultiOmicsPipeline - INFO - Multi-modality fusion
2026-04-28 01:38:56,012 - integration.data_fusion - INFO - Initialized MultiOmicsFusion with methods: ['horizontal']
2026-04-28 01:38:56,012 - integration.data_fusion - INFO - Performing early integration
2026-04-28 01:38:56,016 - integration.data_fusion - INFO - Early integration complete: 10 samples, 7 features
2026-04-28 01:38:56,016 - MultiOmicsPipeline - INFO - Feature scaling
2026-04-28 01:38:56,018 - MultiOmicsPipeline - INFO -  Integration complete: (10, 8)
2026-04-28 01:38:56,018 - MultiOmicsPipeline - INFO -  ML Modeling
2026-04-28 01:38:56,028 - MultiOmicsPipeline - INFO -  Executing Machine Learning model
2026-04-28 01:38:56,028 - export.ml_exporter - INFO - Initialized MLExporter with test_size: 0.2
2026-04-28 01:38:56,028 - MultiOmicsPipeline - WARNING - Target variable 'treatment_response' not found. Modeling skipped.
2026-04-28 01:38:56,028 - MultiOmicsPipeline - INFO -  Results export
2026-04-28 01:38:56,032 - MultiOmicsPipeline - INFO -  CSV Export
2026-04-28 01:38:56,032 - CSVExporter - INFO - CSV export to test_results_complet/integrated_data.csv
2026-04-28 01:38:56,034 - CSVExporter - INFO - [OK] CSV export complete: test_results_complet/integrated_data.csv
2026-04-28 01:38:56,034 - MultiOmicsPipeline - INFO -  Data exported to CSV: test_results_complet/integrated_data.csv
2026-04-28 01:38:56,035 - MultiOmicsPipeline - INFO -  JSON Export
2026-04-28 01:38:56,035 - JSONExporter - INFO - Export JSON vers test_results_complet/integrated_data.json
2026-04-28 01:38:56,037 - JSONExporter - INFO - Creating JSON schema
2026-04-28 01:38:56,044 - JSONExporter - INFO - [OK] JSON export completed: test_results_complet/integrated_data.json
2026-04-28 01:38:56,044 - MultiOmicsPipeline - INFO -  Data exported to JSON: test_results_complet/integrated_data.json
2026-04-28 01:38:56,044 - MultiOmicsPipeline - INFO -  Pipeline completed successfully
2026-04-28 01:38:56,081 - MultiOmicsPipeline - INFO -  Starting multi-omics pipeline
2026-04-28 01:38:56,081 - MultiOmicsPipeline - INFO -  Loading data
2026-04-28 01:38:56,082 - MultiOmicsPipeline - INFO -  Data loaded from demo_expression_data.csv: (10, 6)
2026-04-28 01:38:56,084 - MultiOmicsPipeline - INFO -  Data loaded from demo_clinical_data.csv: (10, 6)
2026-04-28 01:38:56,084 - MultiOmicsPipeline - INFO - Omics data: (10, 6)
2026-04-28 01:38:56,084 - MultiOmicsPipeline - INFO - Clinical data: (10, 6)
2026-04-28 01:38:56,084 - MultiOmicsPipeline - INFO -  Data preprocessing
2026-04-28 01:38:56,084 - MultiOmicsPipeline - INFO -  Data preprocessing
2026-04-28 01:38:56,084 - MultiOmicsPipeline - INFO - Missing values handling
2026-04-28 01:38:56,084 - MissingValueHandler - INFO - Imputing missing values with strategy: knn
2026-04-28 01:38:56,084 - MissingValueHandler - INFO - Missing values before imputation: 2
2026-04-28 01:38:56,089 - MissingValueHandler - INFO - [OK] KNN imputation completed. Missing values after: 0
2026-04-28 01:38:56,089 - MissingValueHandler - INFO - Imputing missing values with strategy: knn
2026-04-28 01:38:56,089 - MissingValueHandler - INFO - Missing values before imputation: 1
2026-04-28 01:38:56,092 - MissingValueHandler - INFO - [OK] KNN imputation completed. Missing values after: 0
2026-04-28 01:38:56,092 - MultiOmicsPipeline - INFO - Omics data normalization
2026-04-28 01:38:56,093 - preprocessing.normalization - INFO - Initialized OmicsNormalizer
2026-04-28 01:38:56,093 - preprocessing.normalization - INFO - Fitting normalizer for data type: gene_expression
2026-04-28 01:38:56,093 - preprocessing.normalization - INFO - Normalizing gene expression data (method: standard)
2026-04-28 01:38:56,093 - preprocessing.normalization - INFO - Applying standard scaling
2026-04-28 01:38:56,095 - preprocessing.normalization - INFO - Standard scaling complete. Shape: (10, 5)
2026-04-28 01:38:56,096 - MultiOmicsPipeline - INFO - Omics missing values: 0 -> 0
2026-04-28 01:38:56,096 - MultiOmicsPipeline - INFO - Clinical missing values: 0 -> 0
2026-04-28 01:38:56,096 - MultiOmicsPipeline - INFO -  Data integration
2026-04-28 01:38:56,096 - MultiOmicsPipeline - INFO -  Data integration
2026-04-28 01:38:56,097 - MultiOmicsPipeline - INFO - Sample alignment
2026-04-28 01:38:56,097 - integration.sample_alignment - INFO - Initialized SampleAlignment with method: match_by_patient_id
2026-04-28 01:38:56,097 - integration.sample_alignment - INFO - Aligning samples across omics datasets
2026-04-28 01:38:56,097 - integration.sample_alignment - INFO - omic: 10 samples
2026-04-28 01:38:56,097 - integration.sample_alignment - INFO - clinical: 10 samples
2026-04-28 01:38:56,097 - integration.sample_alignment - INFO - Matching samples by patient ID
2026-04-28 01:38:56,097 - integration.sample_alignment - INFO - Found 10 common patient IDs
2026-04-28 01:38:56,097 - integration.sample_alignment - INFO - Creating aligned datasets
2026-04-28 01:38:56,097 - integration.sample_alignment - INFO - Aligned omic: 10 samples
2026-04-28 01:38:56,098 - integration.sample_alignment - INFO - Aligned clinical: 10 samples
2026-04-28 01:38:56,098 - integration.sample_alignment - INFO - Sample alignment complete: 10 matched samples
2026-04-28 01:38:56,098 - MultiOmicsPipeline - INFO - Multi-modality fusion
2026-04-28 01:38:56,098 - integration.data_fusion - INFO - Initialized MultiOmicsFusion with methods: ['horizontal']
2026-04-28 01:38:56,098 - integration.data_fusion - INFO - Performing early integration
2026-04-28 01:38:56,102 - integration.data_fusion - INFO - Early integration complete: 10 samples, 7 features
2026-04-28 01:38:56,102 - MultiOmicsPipeline - INFO - Feature scaling
2026-04-28 01:38:56,104 - MultiOmicsPipeline - INFO -  Integration complete: (10, 8)
2026-04-28 01:38:56,104 - MultiOmicsPipeline - INFO -  ML Modeling
2026-04-28 01:38:56,104 - MultiOmicsPipeline - INFO -  Executing Machine Learning model
2026-04-28 01:38:56,104 - export.ml_exporter - INFO - Initialized MLExporter with test_size: 0.2
2026-04-28 01:38:56,104 - MultiOmicsPipeline - WARNING - Target variable 'treatment_response' not found. Modeling skipped.
2026-04-28 01:38:56,104 - MultiOmicsPipeline - INFO -  Results export
2026-04-28 01:38:56,105 - MultiOmicsPipeline - INFO -  CSV Export
2026-04-28 01:38:56,105 - CSVExporter - INFO - CSV export to test_results_complet_2/integrated_data.csv
2026-04-28 01:38:56,108 - CSVExporter - INFO - [OK] CSV export complete: test_results_complet_2/integrated_data.csv
2026-04-28 01:38:56,108 - MultiOmicsPipeline - INFO -  Data exported to CSV: test_results_complet_2/integrated_data.csv
2026-04-28 01:38:56,108 - MultiOmicsPipeline - INFO -  JSON Export
2026-04-28 01:38:56,108 - JSONExporter - INFO - Export JSON vers test_results_complet_2/integrated_data.json
2026-04-28 01:38:56,109 - JSONExporter - INFO - Creating JSON schema
2026-04-28 01:38:56,115 - JSONExporter - INFO - [OK] JSON export completed: test_results_complet_2/integrated_data.json
2026-04-28 01:38:56,115 - MultiOmicsPipeline - INFO -  Data exported to JSON: test_results_complet_2/integrated_data.json
2026-04-28 01:38:56,115 - MultiOmicsPipeline - INFO -  Pipeline completed successfully
2026-04-28 01:39:37,398 - MultiOmicsPipeline - INFO - Logging system configured
2026-04-28 01:39:37,398 - MultiOmicsPipeline - INFO -  Starting multi-omics pipeline
2026-04-28 01:39:37,398 - MultiOmicsPipeline - INFO -  Loading data
2026-04-28 01:39:37,400 - MultiOmicsPipeline - INFO -  Data loaded from demo_expression_data.csv: (10, 6)
2026-04-28 01:39:37,402 - MultiOmicsPipeline - INFO -  Data loaded from demo_clinical_data.csv: (10, 6)
2026-04-28 01:39:37,402 - MultiOmicsPipeline - INFO - Omics data: (10, 6)
2026-04-28 01:39:37,402 - MultiOmicsPipeline - INFO - Clinical data: (10, 6)
2026-04-28 01:39:37,402 - MultiOmicsPipeline - INFO -  Data preprocessing
2026-04-28 01:39:37,402 - MultiOmicsPipeline - INFO -  Data preprocessing
2026-04-28 01:39:37,402 - MultiOmicsPipeline - INFO - Missing values handling
2026-04-28 01:39:37,403 - MissingValueHandler - INFO - Imputing missing values with strategy: knn
2026-04-28 01:39:37,403 - MissingValueHandler - INFO - Missing values before imputation: 2
2026-04-28 01:39:37,408 - MissingValueHandler - INFO - [OK] KNN imputation completed. Missing values after: 0
2026-04-28 01:39:37,408 - MissingValueHandler - INFO - Imputing missing values with strategy: knn
2026-04-28 01:39:37,408 - MissingValueHandler - INFO - Missing values before imputation: 1
2026-04-28 01:39:37,412 - MissingValueHandler - INFO - [OK] KNN imputation completed. Missing values after: 0
2026-04-28 01:39:37,412 - MultiOmicsPipeline - INFO - Omics data normalization
2026-04-28 01:39:37,412 - preprocessing.normalization - INFO - Initialized OmicsNormalizer
2026-04-28 01:39:37,412 - preprocessing.normalization - INFO - Fitting normalizer for data type: gene_expression
2026-04-28 01:39:37,413 - preprocessing.normalization - INFO - Normalizing gene expression data (method: standard)
2026-04-28 01:39:37,413 - preprocessing.normalization - INFO - Applying standard scaling
2026-04-28 01:39:37,415 - preprocessing.normalization - INFO - Standard scaling complete. Shape: (10, 5)
2026-04-28 01:39:37,416 - MultiOmicsPipeline - INFO - Omics missing values: 0 -> 0
2026-04-28 01:39:37,416 - MultiOmicsPipeline - INFO - Clinical missing values: 0 -> 0
2026-04-28 01:39:37,416 - MultiOmicsPipeline - INFO -  Data integration
2026-04-28 01:39:37,416 - MultiOmicsPipeline - INFO -  Data integration
2026-04-28 01:39:37,417 - MultiOmicsPipeline - INFO - Sample alignment
2026-04-28 01:39:37,417 - integration.sample_alignment - INFO - Initialized SampleAlignment with method: match_by_patient_id
2026-04-28 01:39:37,417 - integration.sample_alignment - INFO - Aligning samples across omics datasets
2026-04-28 01:39:37,418 - integration.sample_alignment - INFO - omic: 10 samples
2026-04-28 01:39:37,418 - integration.sample_alignment - INFO - clinical: 10 samples
2026-04-28 01:39:37,418 - integration.sample_alignment - INFO - Matching samples by patient ID
2026-04-28 01:39:37,418 - integration.sample_alignment - INFO - Found 10 common patient IDs
2026-04-28 01:39:37,418 - integration.sample_alignment - INFO - Creating aligned datasets
2026-04-28 01:39:37,419 - integration.sample_alignment - INFO - Aligned omic: 10 samples
2026-04-28 01:39:37,419 - integration.sample_alignment - INFO - Aligned clinical: 10 samples
2026-04-28 01:39:37,419 - integration.sample_alignment - INFO - Sample alignment complete: 10 matched samples
2026-04-28 01:39:37,419 - MultiOmicsPipeline - INFO - Multi-modality fusion
2026-04-28 01:39:37,419 - integration.data_fusion - INFO - Initialized MultiOmicsFusion with methods: ['horizontal']
2026-04-28 01:39:37,419 - integration.data_fusion - INFO - Performing early integration
2026-04-28 01:39:37,423 - integration.data_fusion - INFO - Early integration complete: 10 samples, 7 features
2026-04-28 01:39:37,423 - MultiOmicsPipeline - INFO - Feature scaling
2026-04-28 01:39:37,425 - MultiOmicsPipeline - INFO -  Integration complete: (10, 8)
2026-04-28 01:39:37,425 - MultiOmicsPipeline - INFO -  ML Modeling
2026-04-28 01:39:37,435 - MultiOmicsPipeline - INFO -  Executing Machine Learning model
2026-04-28 01:39:37,435 - export.ml_exporter - INFO - Initialized MLExporter with test_size: 0.2
2026-04-28 01:39:37,435 - MultiOmicsPipeline - WARNING - Target variable 'treatment_response' not found. Modeling skipped.
2026-04-28 01:39:37,435 - MultiOmicsPipeline - INFO -  Results export
2026-04-28 01:39:37,435 - MultiOmicsPipeline - INFO -  CSV Export
2026-04-28 01:39:37,435 - CSVExporter - INFO - CSV export to test_simple/integrated_data.csv
2026-04-28 01:39:37,439 - CSVExporter - INFO - [OK] CSV export complete: test_simple/integrated_data.csv
2026-04-28 01:39:37,439 - MultiOmicsPipeline - INFO -  Data exported to CSV: test_simple/integrated_data.csv
2026-04-28 01:39:37,439 - MultiOmicsPipeline - INFO -  JSON Export
2026-04-28 01:39:37,440 - JSONExporter - INFO - Export JSON vers test_simple/integrated_data.json
2026-04-28 01:39:37,440 - JSONExporter - INFO - Creating JSON schema
2026-04-28 01:39:37,447 - JSONExporter - INFO - [OK] JSON export completed: test_simple/integrated_data.json
2026-04-28 01:39:37,447 - MultiOmicsPipeline - INFO -  Data exported to JSON: test_simple/integrated_data.json
2026-04-28 01:39:37,447 - MultiOmicsPipeline - INFO -  Pipeline completed successfully
2026-04-28 01:40:22,148 - MultiOmicsPipeline - INFO - Logging system configured
2026-04-28 01:40:22,148 - MultiOmicsPipeline - INFO -  Starting multi-omics pipeline
2026-04-28 01:40:22,148 - MultiOmicsPipeline - INFO -  Loading data
2026-04-28 01:40:22,150 - MultiOmicsPipeline - INFO -  Data loaded from demo_expression_data.csv: (10, 6)
2026-04-28 01:40:22,152 - MultiOmicsPipeline - INFO -  Data loaded from demo_clinical_data.csv: (10, 6)
2026-04-28 01:40:22,152 - MultiOmicsPipeline - INFO - Omics data: (10, 6)
2026-04-28 01:40:22,152 - MultiOmicsPipeline - INFO - Clinical data: (10, 6)
2026-04-28 01:40:22,152 - MultiOmicsPipeline - INFO -  Data preprocessing
2026-04-28 01:40:22,153 - MultiOmicsPipeline - INFO -  Data preprocessing
2026-04-28 01:40:22,153 - MultiOmicsPipeline - INFO - Missing values handling
2026-04-28 01:40:22,153 - MissingValueHandler - INFO - Imputing missing values with strategy: knn
2026-04-28 01:40:22,153 - MissingValueHandler - INFO - Missing values before imputation: 2
2026-04-28 01:40:22,157 - MissingValueHandler - INFO - [OK] KNN imputation completed. Missing values after: 0
2026-04-28 01:40:22,157 - MissingValueHandler - INFO - Imputing missing values with strategy: knn
2026-04-28 01:40:22,157 - MissingValueHandler - INFO - Missing values before imputation: 1
2026-04-28 01:40:22,161 - MissingValueHandler - INFO - [OK] KNN imputation completed. Missing values after: 0
2026-04-28 01:40:22,161 - MultiOmicsPipeline - INFO - Omics data normalization
2026-04-28 01:40:22,161 - preprocessing.normalization - INFO - Initialized OmicsNormalizer
2026-04-28 01:40:22,161 - preprocessing.normalization - INFO - Fitting normalizer for data type: gene_expression
2026-04-28 01:40:22,161 - preprocessing.normalization - INFO - Normalizing gene expression data (method: standard)
2026-04-28 01:40:22,161 - preprocessing.normalization - INFO - Applying standard scaling
2026-04-28 01:40:22,163 - preprocessing.normalization - INFO - Standard scaling complete. Shape: (10, 5)
2026-04-28 01:40:22,165 - MultiOmicsPipeline - INFO - Omics missing values: 0 -> 0
2026-04-28 01:40:22,165 - MultiOmicsPipeline - INFO - Clinical missing values: 0 -> 0
2026-04-28 01:40:22,165 - MultiOmicsPipeline - INFO -  Data integration
2026-04-28 01:40:22,165 - MultiOmicsPipeline - INFO -  Data integration
2026-04-28 01:40:22,165 - MultiOmicsPipeline - INFO - Sample alignment
2026-04-28 01:40:22,165 - integration.sample_alignment - INFO - Initialized SampleAlignment with method: match_by_patient_id
2026-04-28 01:40:22,165 - integration.sample_alignment - INFO - Aligning samples across omics datasets
2026-04-28 01:40:22,165 - integration.sample_alignment - INFO - omic: 10 samples
2026-04-28 01:40:22,165 - integration.sample_alignment - INFO - clinical: 10 samples
2026-04-28 01:40:22,165 - integration.sample_alignment - INFO - Matching samples by patient ID
2026-04-28 01:40:22,165 - integration.sample_alignment - INFO - Found 10 common patient IDs
2026-04-28 01:40:22,165 - integration.sample_alignment - INFO - Creating aligned datasets
2026-04-28 01:40:22,166 - integration.sample_alignment - INFO - Aligned omic: 10 samples
2026-04-28 01:40:22,166 - integration.sample_alignment - INFO - Aligned clinical: 10 samples
2026-04-28 01:40:22,166 - integration.sample_alignment - INFO - Sample alignment complete: 10 matched samples
2026-04-28 01:40:22,167 - MultiOmicsPipeline - INFO - Multi-modality fusion
2026-04-28 01:40:22,167 - integration.data_fusion - INFO - Initialized MultiOmicsFusion with methods: ['horizontal']
2026-04-28 01:40:22,167 - integration.data_fusion - INFO - Performing early integration
2026-04-28 01:40:22,171 - integration.data_fusion - INFO - Early integration complete: 10 samples, 7 features
2026-04-28 01:40:22,171 - MultiOmicsPipeline - INFO - Feature scaling
2026-04-28 01:40:22,173 - MultiOmicsPipeline - INFO -  Integration complete: (10, 8)
2026-04-28 01:40:22,173 - MultiOmicsPipeline - INFO -  ML Modeling
2026-04-28 01:40:22,184 - MultiOmicsPipeline - INFO -  Executing Machine Learning model
2026-04-28 01:40:22,184 - export.ml_exporter - INFO - Initialized MLExporter with test_size: 0.2
2026-04-28 01:40:22,184 - MultiOmicsPipeline - WARNING - Target variable 'treatment_response' not found. Modeling skipped.
2026-04-28 01:40:22,185 - MultiOmicsPipeline - INFO -  Results export
2026-04-28 01:40:22,185 - MultiOmicsPipeline - INFO -  CSV Export
2026-04-28 01:40:22,185 - CSVExporter - INFO - CSV export to test_simple/integrated_data.csv
2026-04-28 01:40:22,186 - CSVExporter - INFO - [OK] CSV export complete: test_simple/integrated_data.csv
2026-04-28 01:40:22,187 - MultiOmicsPipeline - INFO -  Data exported to CSV: test_simple/integrated_data.csv
2026-04-28 01:40:22,187 - MultiOmicsPipeline - INFO -  JSON Export
2026-04-28 01:40:22,187 - JSONExporter - INFO - Export JSON vers test_simple/integrated_data.json
2026-04-28 01:40:22,189 - JSONExporter - INFO - Creating JSON schema
2026-04-28 01:40:22,198 - JSONExporter - INFO - [OK] JSON export completed: test_simple/integrated_data.json
2026-04-28 01:40:22,198 - MultiOmicsPipeline - INFO -  Data exported to JSON: test_simple/integrated_data.json
2026-04-28 01:40:22,198 - MultiOmicsPipeline - INFO -  Pipeline completed successfully
2026-04-28 01:41:19,042 - MultiOmicsPipeline - INFO - Logging system configured
2026-04-28 01:41:19,042 - MultiOmicsPipeline - INFO -  Starting multi-omics pipeline
2026-04-28 01:41:19,042 - MultiOmicsPipeline - INFO -  Loading data
2026-04-28 01:41:19,045 - MultiOmicsPipeline - INFO -  Data loaded from demo_expression_data.csv: (10, 6)
2026-04-28 01:41:19,046 - MultiOmicsPipeline - INFO -  Data loaded from demo_clinical_data.csv: (10, 6)
2026-04-28 01:41:19,047 - MultiOmicsPipeline - INFO - Omics data: (10, 6)
2026-04-28 01:41:19,047 - MultiOmicsPipeline - INFO - Clinical data: (10, 6)
2026-04-28 01:41:19,047 - MultiOmicsPipeline - INFO -  Data preprocessing
2026-04-28 01:41:20,213 - MultiOmicsPipeline - INFO -  Data preprocessing
2026-04-28 01:41:20,214 - MultiOmicsPipeline - INFO - Missing values handling
2026-04-28 01:41:20,214 - MissingValueHandler - INFO - Imputing missing values with strategy: knn
2026-04-28 01:41:20,214 - MissingValueHandler - INFO - Missing values before imputation: 2
2026-04-28 01:41:20,219 - MissingValueHandler - INFO - [OK] KNN imputation completed. Missing values after: 0
2026-04-28 01:41:20,219 - MissingValueHandler - INFO - Imputing missing values with strategy: knn
2026-04-28 01:41:20,219 - MissingValueHandler - INFO - Missing values before imputation: 1
2026-04-28 01:41:20,224 - MissingValueHandler - INFO - [OK] KNN imputation completed. Missing values after: 0
2026-04-28 01:41:20,224 - MultiOmicsPipeline - INFO - Omics data normalization
2026-04-28 01:41:20,224 - preprocessing.normalization - INFO - Initialized OmicsNormalizer
2026-04-28 01:41:20,224 - preprocessing.normalization - INFO - Fitting normalizer for data type: gene_expression
2026-04-28 01:41:20,224 - preprocessing.normalization - INFO - Normalizing gene expression data (method: standard)
2026-04-28 01:41:20,225 - preprocessing.normalization - INFO - Applying standard scaling
2026-04-28 01:41:20,227 - preprocessing.normalization - INFO - Standard scaling complete. Shape: (10, 5)
2026-04-28 01:41:20,229 - MultiOmicsPipeline - INFO - Omics missing values: 0 -> 0
2026-04-28 01:41:20,229 - MultiOmicsPipeline - INFO - Clinical missing values: 0 -> 0
2026-04-28 01:41:20,229 - MultiOmicsPipeline - INFO -  Data integration
2026-04-28 01:41:20,272 - MultiOmicsPipeline - INFO -  Data integration
2026-04-28 01:41:20,272 - MultiOmicsPipeline - INFO - Sample alignment
2026-04-28 01:41:20,272 - integration.sample_alignment - INFO - Initialized SampleAlignment with method: match_by_patient_id
2026-04-28 01:41:20,272 - integration.sample_alignment - INFO - Aligning samples across omics datasets
2026-04-28 01:41:20,272 - integration.sample_alignment - INFO - omic: 10 samples
2026-04-28 01:41:20,272 - integration.sample_alignment - INFO - clinical: 10 samples
2026-04-28 01:41:20,272 - integration.sample_alignment - INFO - Matching samples by patient ID
2026-04-28 01:41:20,273 - integration.sample_alignment - INFO - Found 10 common patient IDs
2026-04-28 01:41:20,274 - integration.sample_alignment - INFO - Creating aligned datasets
2026-04-28 01:41:20,275 - integration.sample_alignment - INFO - Aligned omic: 10 samples
2026-04-28 01:41:20,275 - integration.sample_alignment - INFO - Aligned clinical: 10 samples
2026-04-28 01:41:20,275 - integration.sample_alignment - INFO - Sample alignment complete: 10 matched samples
2026-04-28 01:41:20,275 - MultiOmicsPipeline - INFO - Multi-modality fusion
2026-04-28 01:41:20,276 - integration.data_fusion - INFO - Initialized MultiOmicsFusion with methods: ['horizontal']
2026-04-28 01:41:20,276 - integration.data_fusion - INFO - Performing early integration
2026-04-28 01:41:20,280 - integration.data_fusion - INFO - Early integration complete: 10 samples, 7 features
2026-04-28 01:41:20,280 - MultiOmicsPipeline - INFO - Feature scaling
2026-04-28 01:41:20,282 - MultiOmicsPipeline - INFO -  Integration complete: (10, 8)
2026-04-28 01:41:20,282 - MultiOmicsPipeline - INFO -  ML Modeling
2026-04-28 01:41:20,293 - MultiOmicsPipeline - INFO -  Executing Machine Learning model
2026-04-28 01:41:20,293 - export.ml_exporter - INFO - Initialized MLExporter with test_size: 0.2
2026-04-28 01:41:20,293 - MultiOmicsPipeline - WARNING - Target variable 'treatment_response' not found. Modeling skipped.
2026-04-28 01:41:20,293 - MultiOmicsPipeline - INFO -  Results export
2026-04-28 01:41:20,296 - MultiOmicsPipeline - INFO -  CSV Export
2026-04-28 01:41:20,296 - CSVExporter - INFO - CSV export to test_results_complet/integrated_data.csv
2026-04-28 01:41:20,299 - CSVExporter - INFO - [OK] CSV export complete: test_results_complet/integrated_data.csv
2026-04-28 01:41:20,299 - MultiOmicsPipeline - INFO -  Data exported to CSV: test_results_complet/integrated_data.csv
2026-04-28 01:41:20,300 - MultiOmicsPipeline - INFO -  JSON Export
2026-04-28 01:41:20,300 - JSONExporter - INFO - Export JSON vers test_results_complet/integrated_data.json
2026-04-28 01:41:20,302 - JSONExporter - INFO - Creating JSON schema
2026-04-28 01:41:20,309 - JSONExporter - INFO - [OK] JSON export completed: test_results_complet/integrated_data.json
2026-04-28 01:41:20,309 - MultiOmicsPipeline - INFO -  Data exported to JSON: test_results_complet/integrated_data.json
2026-04-28 01:41:20,309 - MultiOmicsPipeline - INFO -  Pipeline completed successfully
2026-04-28 01:41:20,328 - MultiOmicsPipeline - INFO -  Starting multi-omics pipeline
2026-04-28 01:41:20,328 - MultiOmicsPipeline - INFO -  Loading data
2026-04-28 01:41:20,330 - MultiOmicsPipeline - INFO -  Data loaded from demo_expression_data.csv: (10, 6)
2026-04-28 01:41:20,331 - MultiOmicsPipeline - INFO -  Data loaded from demo_clinical_data.csv: (10, 6)
2026-04-28 01:41:20,331 - MultiOmicsPipeline - INFO - Omics data: (10, 6)
2026-04-28 01:41:20,331 - MultiOmicsPipeline - INFO - Clinical data: (10, 6)
2026-04-28 01:41:20,332 - MultiOmicsPipeline - INFO -  Data preprocessing
2026-04-28 01:41:20,332 - MultiOmicsPipeline - INFO -  Data preprocessing
2026-04-28 01:41:20,332 - MultiOmicsPipeline - INFO - Missing values handling
2026-04-28 01:41:20,333 - MissingValueHandler - INFO - Imputing missing values with strategy: knn
2026-04-28 01:41:20,334 - MissingValueHandler - INFO - Missing values before imputation: 2
2026-04-28 01:41:20,342 - MissingValueHandler - INFO - [OK] KNN imputation completed. Missing values after: 0
2026-04-28 01:41:20,343 - MissingValueHandler - INFO - Imputing missing values with strategy: knn
2026-04-28 01:41:20,343 - MissingValueHandler - INFO - Missing values before imputation: 1
2026-04-28 01:41:20,349 - MissingValueHandler - INFO - [OK] KNN imputation completed. Missing values after: 0
2026-04-28 01:41:20,349 - MultiOmicsPipeline - INFO - Omics data normalization
2026-04-28 01:41:20,351 - preprocessing.normalization - INFO - Initialized OmicsNormalizer
2026-04-28 01:41:20,351 - preprocessing.normalization - INFO - Fitting normalizer for data type: gene_expression
2026-04-28 01:41:20,351 - preprocessing.normalization - INFO - Normalizing gene expression data (method: standard)
2026-04-28 01:41:20,351 - preprocessing.normalization - INFO - Applying standard scaling
2026-04-28 01:41:20,354 - preprocessing.normalization - INFO - Standard scaling complete. Shape: (10, 5)
2026-04-28 01:41:20,357 - MultiOmicsPipeline - INFO - Omics missing values: 0 -> 0
2026-04-28 01:41:20,357 - MultiOmicsPipeline - INFO - Clinical missing values: 0 -> 0
2026-04-28 01:41:20,358 - MultiOmicsPipeline - INFO -  Data integration
2026-04-28 01:41:20,358 - MultiOmicsPipeline - INFO -  Data integration
2026-04-28 01:41:20,358 - MultiOmicsPipeline - INFO - Sample alignment
2026-04-28 01:41:20,358 - integration.sample_alignment - INFO - Initialized SampleAlignment with method: match_by_patient_id
2026-04-28 01:41:20,359 - integration.sample_alignment - INFO - Aligning samples across omics datasets
2026-04-28 01:41:20,359 - integration.sample_alignment - INFO - omic: 10 samples
2026-04-28 01:41:20,360 - integration.sample_alignment - INFO - clinical: 10 samples
2026-04-28 01:41:20,360 - integration.sample_alignment - INFO - Matching samples by patient ID
2026-04-28 01:41:20,360 - integration.sample_alignment - INFO - Found 10 common patient IDs
2026-04-28 01:41:20,360 - integration.sample_alignment - INFO - Creating aligned datasets
2026-04-28 01:41:20,361 - integration.sample_alignment - INFO - Aligned omic: 10 samples
2026-04-28 01:41:20,361 - integration.sample_alignment - INFO - Aligned clinical: 10 samples
2026-04-28 01:41:20,361 - integration.sample_alignment - INFO - Sample alignment complete: 10 matched samples
2026-04-28 01:41:20,362 - MultiOmicsPipeline - INFO - Multi-modality fusion
2026-04-28 01:41:20,363 - integration.data_fusion - INFO - Initialized MultiOmicsFusion with methods: ['horizontal']
2026-04-28 01:41:20,363 - integration.data_fusion - INFO - Performing early integration
2026-04-28 01:41:20,369 - integration.data_fusion - INFO - Early integration complete: 10 samples, 7 features
2026-04-28 01:41:20,370 - MultiOmicsPipeline - INFO - Feature scaling
2026-04-28 01:41:20,374 - MultiOmicsPipeline - INFO -  Integration complete: (10, 8)
2026-04-28 01:41:20,374 - MultiOmicsPipeline - INFO -  ML Modeling
2026-04-28 01:41:20,374 - MultiOmicsPipeline - INFO -  Executing Machine Learning model
2026-04-28 01:41:20,374 - export.ml_exporter - INFO - Initialized MLExporter with test_size: 0.2
2026-04-28 01:41:20,375 - MultiOmicsPipeline - WARNING - Target variable 'treatment_response' not found. Modeling skipped.
2026-04-28 01:41:20,375 - MultiOmicsPipeline - INFO -  Results export
2026-04-28 01:41:20,375 - MultiOmicsPipeline - INFO -  CSV Export
2026-04-28 01:41:20,377 - CSVExporter - INFO - CSV export to test_results_complet_2/integrated_data.csv
2026-04-28 01:41:20,377 - CSVExporter - INFO - [OK] CSV export complete: test_results_complet_2/integrated_data.csv
2026-04-28 01:41:20,379 - MultiOmicsPipeline - INFO -  Data exported to CSV: test_results_complet_2/integrated_data.csv
2026-04-28 01:41:20,379 - MultiOmicsPipeline - INFO -  JSON Export
2026-04-28 01:41:20,380 - JSONExporter - INFO - Export JSON vers test_results_complet_2/integrated_data.json
2026-04-28 01:41:20,382 - JSONExporter - INFO - Creating JSON schema
2026-04-28 01:41:20,388 - JSONExporter - INFO - [OK] JSON export completed: test_results_complet_2/integrated_data.json
2026-04-28 01:41:20,388 - MultiOmicsPipeline - INFO -  Data exported to JSON: test_results_complet_2/integrated_data.json
2026-04-28 01:41:20,388 - MultiOmicsPipeline - INFO -  Pipeline completed successfully
2026-04-28 01:47:01,804 - MultiOmicsPipeline - INFO - Logging system configured
2026-04-28 01:47:01,804 - MultiOmicsPipeline - INFO -  Starting multi-omics pipeline
2026-04-28 01:47:01,806 - MultiOmicsPipeline - INFO -  Loading data
2026-04-28 01:47:01,808 - MultiOmicsPipeline - INFO -  Data loaded from demo_expression_data.csv: (10, 6)
2026-04-28 01:47:01,809 - MultiOmicsPipeline - INFO -  Data loaded from demo_clinical_data.csv: (10, 6)
2026-04-28 01:47:01,809 - MultiOmicsPipeline - INFO - Omics data: (10, 6)
2026-04-28 01:47:01,809 - MultiOmicsPipeline - INFO - Clinical data: (10, 6)
2026-04-28 01:47:01,809 - MultiOmicsPipeline - INFO -  Data preprocessing
2026-04-28 01:47:03,052 - MultiOmicsPipeline - INFO -  Data preprocessing
2026-04-28 01:47:03,052 - MultiOmicsPipeline - INFO - Missing values handling
2026-04-28 01:47:03,052 - MissingValueHandler - INFO - Imputing missing values with strategy: knn
2026-04-28 01:47:03,052 - MissingValueHandler - INFO - Missing values before imputation: 2
2026-04-28 01:47:03,059 - MissingValueHandler - INFO - [OK] KNN imputation completed. Missing values after: 0
2026-04-28 01:47:03,059 - MissingValueHandler - INFO - Imputing missing values with strategy: knn
2026-04-28 01:47:03,059 - MissingValueHandler - INFO - Missing values before imputation: 1
2026-04-28 01:47:03,063 - MissingValueHandler - INFO - [OK] KNN imputation completed. Missing values after: 0
2026-04-28 01:47:03,063 - MultiOmicsPipeline - INFO - Omics data normalization
2026-04-28 01:47:03,063 - preprocessing.normalization - INFO - Initialized OmicsNormalizer
2026-04-28 01:47:03,063 - preprocessing.normalization - INFO - Fitting normalizer for data type: gene_expression
2026-04-28 01:47:03,063 - preprocessing.normalization - INFO - Normalizing gene expression data (method: standard)
2026-04-28 01:47:03,063 - preprocessing.normalization - INFO - Applying standard scaling
2026-04-28 01:47:03,065 - preprocessing.normalization - INFO - Standard scaling complete. Shape: (10, 5)
2026-04-28 01:47:03,067 - MultiOmicsPipeline - INFO - Omics missing values: 0 -> 0
2026-04-28 01:47:03,067 - MultiOmicsPipeline - INFO - Clinical missing values: 0 -> 0
2026-04-28 01:47:03,067 - MultiOmicsPipeline - INFO -  Data integration
2026-04-28 01:47:03,109 - MultiOmicsPipeline - INFO -  Data integration
2026-04-28 01:47:03,109 - MultiOmicsPipeline - INFO - Sample alignment
2026-04-28 01:47:03,109 - integration.sample_alignment - INFO - Initialized SampleAlignment with method: match_by_patient_id
2026-04-28 01:47:03,109 - integration.sample_alignment - INFO - Aligning samples across omics datasets
2026-04-28 01:47:03,110 - integration.sample_alignment - INFO - omic: 10 samples
2026-04-28 01:47:03,110 - integration.sample_alignment - INFO - clinical: 10 samples
2026-04-28 01:47:03,110 - integration.sample_alignment - INFO - Matching samples by patient ID
2026-04-28 01:47:03,111 - integration.sample_alignment - INFO - Found 10 common patient IDs
2026-04-28 01:47:03,111 - integration.sample_alignment - INFO - Creating aligned datasets
2026-04-28 01:47:03,112 - integration.sample_alignment - INFO - Aligned omic: 10 samples
2026-04-28 01:47:03,112 - integration.sample_alignment - INFO - Aligned clinical: 10 samples
2026-04-28 01:47:03,112 - integration.sample_alignment - INFO - Sample alignment complete: 10 matched samples
2026-04-28 01:47:03,113 - MultiOmicsPipeline - INFO - Multi-modality fusion
2026-04-28 01:47:03,113 - integration.data_fusion - INFO - Initialized MultiOmicsFusion with methods: ['horizontal']
2026-04-28 01:47:03,113 - integration.data_fusion - INFO - Performing early integration
2026-04-28 01:47:03,118 - integration.data_fusion - INFO - Early integration complete: 10 samples, 7 features
2026-04-28 01:47:03,118 - MultiOmicsPipeline - INFO - Feature scaling
2026-04-28 01:47:03,121 - MultiOmicsPipeline - INFO -  Integration complete: (10, 8)
2026-04-28 01:47:03,121 - MultiOmicsPipeline - INFO -  ML Modeling
2026-04-28 01:47:03,131 - MultiOmicsPipeline - INFO -  Executing Machine Learning model
2026-04-28 01:47:03,131 - export.ml_exporter - INFO - Initialized MLExporter with test_size: 0.2
2026-04-28 01:47:03,132 - MultiOmicsPipeline - WARNING - Target variable 'treatment_response' not found. Modeling skipped.
2026-04-28 01:47:03,132 - MultiOmicsPipeline - INFO -  Results export
2026-04-28 01:47:03,134 - MultiOmicsPipeline - INFO -  CSV Export
2026-04-28 01:47:03,134 - CSVExporter - INFO - CSV export to final_results/integrated_data.csv
2026-04-28 01:47:03,137 - CSVExporter - INFO - [OK] CSV export complete: final_results/integrated_data.csv
2026-04-28 01:47:03,137 - MultiOmicsPipeline - INFO -  Data exported to CSV: final_results/integrated_data.csv
2026-04-28 01:47:03,137 - MultiOmicsPipeline - INFO -  JSON Export
2026-04-28 01:47:03,137 - JSONExporter - INFO - Export JSON vers final_results/integrated_data.json
2026-04-28 01:47:03,140 - JSONExporter - INFO - Creating JSON schema
2026-04-28 01:47:03,147 - JSONExporter - INFO - [OK] JSON export completed: final_results/integrated_data.json
2026-04-28 01:47:03,147 - MultiOmicsPipeline - INFO -  Data exported to JSON: final_results/integrated_data.json
2026-04-28 01:47:03,147 - MultiOmicsPipeline - INFO -  Pipeline completed successfully
2026-04-28 01:47:29,375 - MultiOmicsPipeline - INFO - Logging system configured
2026-04-28 01:47:29,375 - MultiOmicsPipeline - INFO -  Starting multi-omics pipeline
2026-04-28 01:47:29,375 - MultiOmicsPipeline - INFO -  Loading data
2026-04-28 01:47:29,377 - MultiOmicsPipeline - INFO -  Data loaded from demo_expression_data.csv: (10, 6)
2026-04-28 01:47:29,377 - MultiOmicsPipeline - INFO -  Data loaded from demo_clinical_data.csv: (10, 6)
2026-04-28 01:47:29,377 - MultiOmicsPipeline - INFO - Omics data: (10, 6)
2026-04-28 01:47:29,377 - MultiOmicsPipeline - INFO - Clinical data: (10, 6)
2026-04-28 01:47:29,377 - MultiOmicsPipeline - INFO -  Data preprocessing
2026-04-28 01:47:30,567 - MultiOmicsPipeline - INFO -  Data preprocessing
2026-04-28 01:47:30,567 - MultiOmicsPipeline - INFO - Missing values handling
2026-04-28 01:47:30,568 - MissingValueHandler - INFO - Imputing missing values with strategy: knn
2026-04-28 01:47:30,569 - MissingValueHandler - INFO - Missing values before imputation: 2
2026-04-28 01:47:30,573 - MissingValueHandler - INFO - [OK] KNN imputation completed. Missing values after: 0
2026-04-28 01:47:30,573 - MissingValueHandler - INFO - Imputing missing values with strategy: knn
2026-04-28 01:47:30,573 - MissingValueHandler - INFO - Missing values before imputation: 1
2026-04-28 01:47:30,577 - MissingValueHandler - INFO - [OK] KNN imputation completed. Missing values after: 0
2026-04-28 01:47:30,577 - MultiOmicsPipeline - INFO - Omics data normalization
2026-04-28 01:47:30,577 - preprocessing.normalization - INFO - Initialized OmicsNormalizer
2026-04-28 01:47:30,577 - preprocessing.normalization - INFO - Fitting normalizer for data type: gene_expression
2026-04-28 01:47:30,578 - preprocessing.normalization - INFO - Normalizing gene expression data (method: standard)
2026-04-28 01:47:30,578 - preprocessing.normalization - INFO - Applying standard scaling
2026-04-28 01:47:30,579 - preprocessing.normalization - INFO - Standard scaling complete. Shape: (10, 5)
2026-04-28 01:47:30,580 - MultiOmicsPipeline - INFO - Omics missing values: 0 -> 0
2026-04-28 01:47:30,580 - MultiOmicsPipeline - INFO - Clinical missing values: 0 -> 0
2026-04-28 01:47:30,580 - MultiOmicsPipeline - INFO -  Data integration
2026-04-28 01:47:30,621 - MultiOmicsPipeline - INFO -  Data integration
2026-04-28 01:47:30,621 - MultiOmicsPipeline - INFO - Sample alignment
2026-04-28 01:47:30,621 - integration.sample_alignment - INFO - Initialized SampleAlignment with method: match_by_patient_id
2026-04-28 01:47:30,621 - integration.sample_alignment - INFO - Aligning samples across omics datasets
2026-04-28 01:47:30,621 - integration.sample_alignment - INFO - omic: 10 samples
2026-04-28 01:47:30,621 - integration.sample_alignment - INFO - clinical: 10 samples
2026-04-28 01:47:30,622 - integration.sample_alignment - INFO - Matching samples by patient ID
2026-04-28 01:47:30,623 - integration.sample_alignment - INFO - Found 10 common patient IDs
2026-04-28 01:47:30,623 - integration.sample_alignment - INFO - Creating aligned datasets
2026-04-28 01:47:30,624 - integration.sample_alignment - INFO - Aligned omic: 10 samples
2026-04-28 01:47:30,625 - integration.sample_alignment - INFO - Aligned clinical: 10 samples
2026-04-28 01:47:30,625 - integration.sample_alignment - INFO - Sample alignment complete: 10 matched samples
2026-04-28 01:47:30,625 - MultiOmicsPipeline - INFO - Multi-modality fusion
2026-04-28 01:47:30,625 - integration.data_fusion - INFO - Initialized MultiOmicsFusion with methods: ['horizontal']
2026-04-28 01:47:30,625 - integration.data_fusion - INFO - Performing early integration
2026-04-28 01:47:30,629 - integration.data_fusion - INFO - Early integration complete: 10 samples, 7 features
2026-04-28 01:47:30,629 - MultiOmicsPipeline - INFO - Feature scaling
2026-04-28 01:47:30,631 - MultiOmicsPipeline - INFO -  Integration complete: (10, 8)
2026-04-28 01:47:30,631 - MultiOmicsPipeline - INFO -  ML Modeling
2026-04-28 01:47:30,642 - MultiOmicsPipeline - INFO -  Executing Machine Learning model
2026-04-28 01:47:30,642 - export.ml_exporter - INFO - Initialized MLExporter with test_size: 0.2
2026-04-28 01:47:30,642 - MultiOmicsPipeline - WARNING - Target variable 'treatment_response' not found. Modeling skipped.
2026-04-28 01:47:30,642 - MultiOmicsPipeline - INFO -  Results export
2026-04-28 01:47:30,644 - MultiOmicsPipeline - INFO -  CSV Export
2026-04-28 01:47:30,644 - CSVExporter - INFO - CSV export to final_results/integrated_data.csv
2026-04-28 01:47:30,647 - CSVExporter - INFO - [OK] CSV export complete: final_results/integrated_data.csv
2026-04-28 01:47:30,647 - MultiOmicsPipeline - INFO -  Data exported to CSV: final_results/integrated_data.csv
2026-04-28 01:47:30,647 - MultiOmicsPipeline - INFO -  JSON Export
2026-04-28 01:47:30,647 - JSONExporter - INFO - Export JSON vers final_results/integrated_data.json
2026-04-28 01:47:30,649 - JSONExporter - INFO - Creating JSON schema
2026-04-28 01:47:30,655 - JSONExporter - INFO - [OK] JSON export completed: final_results/integrated_data.json
2026-04-28 01:47:30,655 - MultiOmicsPipeline - INFO -  Data exported to JSON: final_results/integrated_data.json
2026-04-28 01:47:30,655 - MultiOmicsPipeline - INFO -  Pipeline completed successfully
2026-04-28 01:48:48,480 - MultiOmicsPipeline - INFO - Logging system configured
2026-04-28 01:48:48,480 - MultiOmicsPipeline - INFO -  Starting multi-omics pipeline
2026-04-28 01:48:48,480 - MultiOmicsPipeline - INFO -  Loading data
2026-04-28 01:48:48,483 - MultiOmicsPipeline - INFO -  Data loaded from demo_expression_data.csv: (10, 6)
2026-04-28 01:48:48,484 - MultiOmicsPipeline - INFO -  Data loaded from demo_clinical_data.csv: (10, 6)
2026-04-28 01:48:48,484 - MultiOmicsPipeline - INFO - Omics data: (10, 6)
2026-04-28 01:48:48,484 - MultiOmicsPipeline - INFO - Clinical data: (10, 6)
2026-04-28 01:48:48,484 - MultiOmicsPipeline - INFO -  Data preprocessing
2026-04-28 01:48:49,677 - MultiOmicsPipeline - INFO -  Data preprocessing
2026-04-28 01:48:49,677 - MultiOmicsPipeline - INFO - Missing values handling
2026-04-28 01:48:49,678 - MissingValueHandler - INFO - Imputing missing values with strategy: knn
2026-04-28 01:48:49,678 - MissingValueHandler - INFO - Missing values before imputation: 2
2026-04-28 01:48:49,683 - MissingValueHandler - INFO - [OK] KNN imputation completed. Missing values after: 0
2026-04-28 01:48:49,683 - MissingValueHandler - INFO - Imputing missing values with strategy: knn
2026-04-28 01:48:49,684 - MissingValueHandler - INFO - Missing values before imputation: 1
2026-04-28 01:48:49,687 - MissingValueHandler - INFO - [OK] KNN imputation completed. Missing values after: 0
2026-04-28 01:48:49,687 - MultiOmicsPipeline - INFO - Omics data normalization
2026-04-28 01:48:49,687 - preprocessing.normalization - INFO - Initialized OmicsNormalizer
2026-04-28 01:48:49,687 - preprocessing.normalization - INFO - Fitting normalizer for data type: gene_expression
2026-04-28 01:48:49,687 - preprocessing.normalization - INFO - Normalizing gene expression data (method: standard)
2026-04-28 01:48:49,687 - preprocessing.normalization - INFO - Applying standard scaling
2026-04-28 01:48:49,689 - preprocessing.normalization - INFO - Standard scaling complete. Shape: (10, 5)
2026-04-28 01:48:49,690 - MultiOmicsPipeline - INFO - Omics missing values: 0 -> 0
2026-04-28 01:48:49,690 - MultiOmicsPipeline - INFO - Clinical missing values: 0 -> 0
2026-04-28 01:48:49,690 - MultiOmicsPipeline - INFO -  Data integration
2026-04-28 01:48:49,731 - MultiOmicsPipeline - INFO -  Data integration
2026-04-28 01:48:49,731 - MultiOmicsPipeline - INFO - Sample alignment
2026-04-28 01:48:49,731 - integration.sample_alignment - INFO - Initialized SampleAlignment with method: match_by_patient_id
2026-04-28 01:48:49,731 - integration.sample_alignment - INFO - Aligning samples across omics datasets
2026-04-28 01:48:49,731 - integration.sample_alignment - INFO - omic: 10 samples
2026-04-28 01:48:49,731 - integration.sample_alignment - INFO - clinical: 10 samples
2026-04-28 01:48:49,731 - integration.sample_alignment - INFO - Matching samples by patient ID
2026-04-28 01:48:49,732 - integration.sample_alignment - INFO - Found 10 common patient IDs
2026-04-28 01:48:49,732 - integration.sample_alignment - INFO - Creating aligned datasets
2026-04-28 01:48:49,733 - integration.sample_alignment - INFO - Aligned omic: 10 samples
2026-04-28 01:48:49,734 - integration.sample_alignment - INFO - Aligned clinical: 10 samples
2026-04-28 01:48:49,734 - integration.sample_alignment - INFO - Sample alignment complete: 10 matched samples
2026-04-28 01:48:49,734 - MultiOmicsPipeline - INFO - Multi-modality fusion
2026-04-28 01:48:49,734 - integration.data_fusion - INFO - Initialized MultiOmicsFusion with methods: ['horizontal']
2026-04-28 01:48:49,734 - integration.data_fusion - INFO - Performing early integration
2026-04-28 01:48:49,738 - integration.data_fusion - INFO - Early integration complete: 10 samples, 7 features
2026-04-28 01:48:49,738 - MultiOmicsPipeline - INFO - Feature scaling
2026-04-28 01:48:49,739 - MultiOmicsPipeline - INFO -  Integration complete: (10, 8)
2026-04-28 01:48:49,740 - MultiOmicsPipeline - INFO -  ML Modeling
2026-04-28 01:48:49,750 - MultiOmicsPipeline - INFO -  Executing Machine Learning model
2026-04-28 01:48:49,750 - export.ml_exporter - INFO - Initialized MLExporter with test_size: 0.2
2026-04-28 01:48:49,750 - MultiOmicsPipeline - WARNING - Target variable 'treatment_response' not found. Modeling skipped.
2026-04-28 01:48:49,750 - MultiOmicsPipeline - INFO -  Results export
2026-04-28 01:48:49,753 - MultiOmicsPipeline - INFO -  CSV Export
2026-04-28 01:48:49,753 - CSVExporter - INFO - CSV export to results_final_check/integrated_data.csv
2026-04-28 01:48:49,756 - CSVExporter - INFO - [OK] CSV export complete: results_final_check/integrated_data.csv
2026-04-28 01:48:49,756 - MultiOmicsPipeline - INFO -  Data exported to CSV: results_final_check/integrated_data.csv
2026-04-28 01:48:49,756 - MultiOmicsPipeline - INFO -  JSON Export
2026-04-28 01:48:49,756 - JSONExporter - INFO - Export JSON vers results_final_check/integrated_data.json
2026-04-28 01:48:49,758 - JSONExporter - INFO - Creating JSON schema
2026-04-28 01:48:49,764 - JSONExporter - INFO - [OK] JSON export completed: results_final_check/integrated_data.json
2026-04-28 01:48:49,764 - MultiOmicsPipeline - INFO -  Data exported to JSON: results_final_check/integrated_data.json
2026-04-28 01:48:49,764 - MultiOmicsPipeline - INFO -  Pipeline completed successfully
2026-04-28 01:49:13,893 - MultiOmicsPipeline - INFO - Logging system configured
2026-04-28 01:49:13,893 - MultiOmicsPipeline - INFO -  Starting multi-omics pipeline
2026-04-28 01:49:13,893 - MultiOmicsPipeline - INFO -  Loading data
2026-04-28 01:49:13,896 - MultiOmicsPipeline - INFO -  Data loaded from demo_expression_data.csv: (10, 6)
2026-04-28 01:49:13,897 - MultiOmicsPipeline - INFO -  Data loaded from demo_clinical_data.csv: (10, 6)
2026-04-28 01:49:13,897 - MultiOmicsPipeline - INFO - Omics data: (10, 6)
2026-04-28 01:49:13,897 - MultiOmicsPipeline - INFO - Clinical data: (10, 6)
2026-04-28 01:49:13,897 - MultiOmicsPipeline - INFO -  Data preprocessing
2026-04-28 01:49:15,069 - MultiOmicsPipeline - INFO -  Data preprocessing
2026-04-28 01:49:15,069 - MultiOmicsPipeline - INFO - Missing values handling
2026-04-28 01:49:15,069 - MissingValueHandler - INFO - Imputing missing values with strategy: knn
2026-04-28 01:49:15,072 - MissingValueHandler - INFO - Missing values before imputation: 2
2026-04-28 01:49:15,076 - MissingValueHandler - INFO - [OK] KNN imputation completed. Missing values after: 0
2026-04-28 01:49:15,076 - MissingValueHandler - INFO - Imputing missing values with strategy: knn
2026-04-28 01:49:15,077 - MissingValueHandler - INFO - Missing values before imputation: 1
2026-04-28 01:49:15,081 - MissingValueHandler - INFO - [OK] KNN imputation completed. Missing values after: 0
2026-04-28 01:49:15,081 - MultiOmicsPipeline - INFO - Omics data normalization
2026-04-28 01:49:15,082 - preprocessing.normalization - INFO - Initialized OmicsNormalizer
2026-04-28 01:49:15,082 - preprocessing.normalization - INFO - Fitting normalizer for data type: gene_expression
2026-04-28 01:49:15,082 - preprocessing.normalization - INFO - Normalizing gene expression data (method: standard)
2026-04-28 01:49:15,082 - preprocessing.normalization - INFO - Applying standard scaling
2026-04-28 01:49:15,084 - preprocessing.normalization - INFO - Standard scaling complete. Shape: (10, 5)
2026-04-28 01:49:15,085 - MultiOmicsPipeline - INFO - Omics missing values: 0 -> 0
2026-04-28 01:49:15,086 - MultiOmicsPipeline - INFO - Clinical missing values: 0 -> 0
2026-04-28 01:49:15,086 - MultiOmicsPipeline - INFO -  Data integration
2026-04-28 01:49:15,128 - MultiOmicsPipeline - INFO -  Data integration
2026-04-28 01:49:15,128 - MultiOmicsPipeline - INFO - Sample alignment
2026-04-28 01:49:15,128 - integration.sample_alignment - INFO - Initialized SampleAlignment with method: match_by_patient_id
2026-04-28 01:49:15,128 - integration.sample_alignment - INFO - Aligning samples across omics datasets
2026-04-28 01:49:15,128 - integration.sample_alignment - INFO - omic: 10 samples
2026-04-28 01:49:15,128 - integration.sample_alignment - INFO - clinical: 10 samples
2026-04-28 01:49:15,128 - integration.sample_alignment - INFO - Matching samples by patient ID
2026-04-28 01:49:15,130 - integration.sample_alignment - INFO - Found 10 common patient IDs
2026-04-28 01:49:15,130 - integration.sample_alignment - INFO - Creating aligned datasets
2026-04-28 01:49:15,131 - integration.sample_alignment - INFO - Aligned omic: 10 samples
2026-04-28 01:49:15,132 - integration.sample_alignment - INFO - Aligned clinical: 10 samples
2026-04-28 01:49:15,132 - integration.sample_alignment - INFO - Sample alignment complete: 10 matched samples
2026-04-28 01:49:15,132 - MultiOmicsPipeline - INFO - Multi-modality fusion
2026-04-28 01:49:15,132 - integration.data_fusion - INFO - Initialized MultiOmicsFusion with methods: ['horizontal']
2026-04-28 01:49:15,133 - integration.data_fusion - INFO - Performing early integration
2026-04-28 01:49:15,136 - integration.data_fusion - INFO - Early integration complete: 10 samples, 7 features
2026-04-28 01:49:15,136 - MultiOmicsPipeline - INFO - Feature scaling
2026-04-28 01:49:15,139 - MultiOmicsPipeline - INFO -  Integration complete: (10, 8)
2026-04-28 01:49:15,139 - MultiOmicsPipeline - INFO -  ML Modeling
2026-04-28 01:49:15,149 - MultiOmicsPipeline - INFO -  Executing Machine Learning model
2026-04-28 01:49:15,149 - export.ml_exporter - INFO - Initialized MLExporter with test_size: 0.2
2026-04-28 01:49:15,149 - MultiOmicsPipeline - WARNING - Target variable 'treatment_response' not found. Modeling skipped.
2026-04-28 01:49:15,149 - MultiOmicsPipeline - INFO -  Results export
2026-04-28 01:49:15,152 - MultiOmicsPipeline - INFO -  CSV Export
2026-04-28 01:49:15,152 - CSVExporter - INFO - CSV export to results_final_check/integrated_data.csv
2026-04-28 01:49:15,155 - CSVExporter - INFO - [OK] CSV export complete: results_final_check/integrated_data.csv
2026-04-28 01:49:15,155 - MultiOmicsPipeline - INFO -  Data exported to CSV: results_final_check/integrated_data.csv
2026-04-28 01:49:15,155 - MultiOmicsPipeline - INFO -  JSON Export
2026-04-28 01:49:15,155 - JSONExporter - INFO - Export JSON vers results_final_check/integrated_data.json
2026-04-28 01:49:15,157 - JSONExporter - INFO - Creating JSON schema
2026-04-28 01:49:15,163 - JSONExporter - INFO - [OK] JSON export completed: results_final_check/integrated_data.json
2026-04-28 01:49:15,163 - MultiOmicsPipeline - INFO -  Data exported to JSON: results_final_check/integrated_data.json
2026-04-28 01:49:15,163 - MultiOmicsPipeline - INFO -  Pipeline completed successfully
2026-04-28 10:14:50,553 - MultiOmicsPipeline - INFO - Logging system configured
2026-04-28 10:14:50,553 - MultiOmicsPipeline - INFO -  Starting multi-omics pipeline
2026-04-28 10:14:50,553 - MultiOmicsPipeline - INFO -  Loading data
2026-04-28 10:14:50,570 - MultiOmicsPipeline - INFO -  Data loaded from demo_expression_data.csv: (10, 6)
2026-04-28 10:14:50,580 - MultiOmicsPipeline - INFO -  Data loaded from demo_clinical_data.csv: (10, 6)
2026-04-28 10:14:50,581 - MultiOmicsPipeline - INFO - Omics data: (10, 6)
2026-04-28 10:14:50,581 - MultiOmicsPipeline - INFO - Clinical data: (10, 6)
2026-04-28 10:14:50,581 - MultiOmicsPipeline - INFO -  Data preprocessing
2026-04-28 10:15:00,712 - MultiOmicsPipeline - INFO -  Data preprocessing
2026-04-28 10:15:00,712 - MultiOmicsPipeline - INFO - Missing values handling
2026-04-28 10:15:00,712 - MissingValueHandler - INFO - Imputing missing values with strategy: knn
2026-04-28 10:15:00,713 - MissingValueHandler - INFO - Missing values before imputation: 2
2026-04-28 10:15:00,719 - MissingValueHandler - INFO - [OK] KNN imputation completed. Missing values after: 0
2026-04-28 10:15:00,719 - MissingValueHandler - INFO - Imputing missing values with strategy: knn
2026-04-28 10:15:00,719 - MissingValueHandler - INFO - Missing values before imputation: 1
2026-04-28 10:15:00,723 - MissingValueHandler - INFO - [OK] KNN imputation completed. Missing values after: 0
2026-04-28 10:15:00,725 - MultiOmicsPipeline - INFO - Omics data normalization
2026-04-28 10:15:00,725 - preprocessing.normalization - INFO - Initialized OmicsNormalizer
2026-04-28 10:15:00,725 - preprocessing.normalization - INFO - Fitting normalizer for data type: gene_expression
2026-04-28 10:15:00,725 - preprocessing.normalization - INFO - Normalizing gene expression data (method: standard)
2026-04-28 10:15:00,725 - preprocessing.normalization - INFO - Applying standard scaling
2026-04-28 10:15:00,727 - preprocessing.normalization - INFO - Standard scaling complete. Shape: (10, 5)
2026-04-28 10:15:00,729 - MultiOmicsPipeline - INFO - Omics missing values: 0 -> 0
2026-04-28 10:15:00,729 - MultiOmicsPipeline - INFO - Clinical missing values: 0 -> 0
2026-04-28 10:15:00,729 - MultiOmicsPipeline - INFO -  Data integration
2026-04-28 10:15:01,118 - MultiOmicsPipeline - INFO -  Data integration
2026-04-28 10:15:01,118 - MultiOmicsPipeline - INFO - Sample alignment
2026-04-28 10:15:01,118 - integration.sample_alignment - INFO - Initialized SampleAlignment with method: match_by_patient_id
2026-04-28 10:15:01,118 - integration.sample_alignment - INFO - Aligning samples across omics datasets
2026-04-28 10:15:01,119 - integration.sample_alignment - INFO - omic: 10 samples
2026-04-28 10:15:01,119 - integration.sample_alignment - INFO - clinical: 10 samples
2026-04-28 10:15:01,119 - integration.sample_alignment - INFO - Matching samples by patient ID
2026-04-28 10:15:01,119 - integration.sample_alignment - INFO - Found 10 common patient IDs
2026-04-28 10:15:01,119 - integration.sample_alignment - INFO - Creating aligned datasets
2026-04-28 10:15:01,123 - integration.sample_alignment - INFO - Aligned omic: 10 samples
2026-04-28 10:15:01,123 - integration.sample_alignment - INFO - Aligned clinical: 10 samples
2026-04-28 10:15:01,123 - integration.sample_alignment - INFO - Sample alignment complete: 10 matched samples
2026-04-28 10:15:01,125 - MultiOmicsPipeline - INFO - Multi-modality fusion
2026-04-28 10:15:01,125 - integration.data_fusion - INFO - Initialized MultiOmicsFusion with methods: ['horizontal']
2026-04-28 10:15:01,125 - integration.data_fusion - INFO - Performing early integration
2026-04-28 10:15:01,131 - integration.data_fusion - INFO - Early integration complete: 10 samples, 7 features
2026-04-28 10:15:01,132 - MultiOmicsPipeline - INFO - Feature scaling
2026-04-28 10:15:01,134 - MultiOmicsPipeline - INFO -  Integration complete: (10, 8)
2026-04-28 10:15:01,134 - MultiOmicsPipeline - INFO -  ML Modeling
2026-04-28 10:15:01,152 - MultiOmicsPipeline - INFO -  Executing Machine Learning model
2026-04-28 10:15:01,152 - export.ml_exporter - INFO - Initialized MLExporter with test_size: 0.2
2026-04-28 10:15:01,152 - MultiOmicsPipeline - WARNING - Target variable 'treatment_response' not found. Modeling skipped.
2026-04-28 10:15:01,152 - MultiOmicsPipeline - INFO -  Results export
2026-04-28 10:15:01,158 - MultiOmicsPipeline - INFO -  CSV Export
2026-04-28 10:15:01,158 - CSVExporter - INFO - CSV export to results_final_check/integrated_data.csv
2026-04-28 10:15:01,163 - CSVExporter - INFO - [OK] CSV export complete: results_final_check/integrated_data.csv
2026-04-28 10:15:01,163 - MultiOmicsPipeline - INFO -  Data exported to CSV: results_final_check/integrated_data.csv
2026-04-28 10:15:01,163 - MultiOmicsPipeline - INFO -  JSON Export
2026-04-28 10:15:01,163 - JSONExporter - INFO - Export JSON vers results_final_check/integrated_data.json
2026-04-28 10:15:01,165 - JSONExporter - INFO - Creating JSON schema
2026-04-28 10:15:01,175 - JSONExporter - INFO - [OK] JSON export completed: results_final_check/integrated_data.json
2026-04-28 10:15:01,175 - MultiOmicsPipeline - INFO -  Data exported to JSON: results_final_check/integrated_data.json
2026-04-28 10:15:01,175 - MultiOmicsPipeline - INFO -  Pipeline completed successfully
2026-04-28 12:41:23,061 - MultiOmicsPipeline - INFO - Logging system configured
2026-04-28 12:41:23,065 - MultiOmicsPipeline - INFO -  Starting multi-omics pipeline
2026-04-28 12:41:23,065 - MultiOmicsPipeline - INFO -  Loading data
2026-04-28 12:41:23,068 - MultiOmicsPipeline - INFO -  Data loaded from demo_expression_data.csv: (10, 6)
2026-04-28 12:41:23,076 - MultiOmicsPipeline - INFO -  Data loaded from demo_clinical_data.csv: (10, 6)
2026-04-28 12:41:23,080 - MultiOmicsPipeline - INFO - Omics data: (10, 6)
2026-04-28 12:41:23,080 - MultiOmicsPipeline - INFO - Clinical data: (10, 6)
2026-04-28 12:41:23,081 - MultiOmicsPipeline - INFO -  Data preprocessing
2026-04-28 12:41:26,132 - MultiOmicsPipeline - INFO -  Data preprocessing
2026-04-28 12:41:26,132 - MultiOmicsPipeline - INFO - Missing values handling
2026-04-28 12:41:26,132 - MissingValueHandler - INFO - Imputing missing values with strategy: knn
2026-04-28 12:41:26,133 - MissingValueHandler - INFO - Missing values before imputation: 2
2026-04-28 12:41:26,142 - MissingValueHandler - INFO - [OK] KNN imputation completed. Missing values after: 0
2026-04-28 12:41:26,144 - MissingValueHandler - INFO - Imputing missing values with strategy: knn
2026-04-28 12:41:26,145 - MissingValueHandler - INFO - Missing values before imputation: 1
2026-04-28 12:41:26,151 - MissingValueHandler - INFO - [OK] KNN imputation completed. Missing values after: 0
2026-04-28 12:41:26,153 - MultiOmicsPipeline - INFO - Omics data normalization
2026-04-28 12:41:26,157 - preprocessing.normalization - INFO - Initialized OmicsNormalizer
2026-04-28 12:41:26,158 - preprocessing.normalization - INFO - Fitting normalizer for data type: gene_expression
2026-04-28 12:41:26,159 - preprocessing.normalization - INFO - Normalizing gene expression data (method: standard)
2026-04-28 12:41:26,159 - preprocessing.normalization - INFO - Applying standard scaling
2026-04-28 12:41:26,162 - preprocessing.normalization - INFO - Standard scaling complete. Shape: (10, 5)
2026-04-28 12:41:26,168 - MultiOmicsPipeline - INFO - Omics missing values: 0 -> 0
2026-04-28 12:41:26,174 - MultiOmicsPipeline - INFO - Clinical missing values: 0 -> 0
2026-04-28 12:41:26,175 - MultiOmicsPipeline - INFO -  Data integration
2026-04-28 12:41:26,282 - MultiOmicsPipeline - INFO -  Data integration
2026-04-28 12:41:26,282 - MultiOmicsPipeline - INFO - Sample alignment
2026-04-28 12:41:26,283 - integration.sample_alignment - INFO - Initialized SampleAlignment with method: match_by_patient_id
2026-04-28 12:41:26,284 - integration.sample_alignment - INFO - Aligning samples across omics datasets
2026-04-28 12:41:26,286 - integration.sample_alignment - INFO - omic: 10 samples
2026-04-28 12:41:26,291 - integration.sample_alignment - INFO - clinical: 10 samples
2026-04-28 12:41:26,292 - integration.sample_alignment - INFO - Matching samples by patient ID
2026-04-28 12:41:26,294 - integration.sample_alignment - INFO - Found 10 common patient IDs
2026-04-28 12:41:26,294 - integration.sample_alignment - INFO - Creating aligned datasets
2026-04-28 12:41:26,296 - integration.sample_alignment - INFO - Aligned omic: 10 samples
2026-04-28 12:41:26,299 - integration.sample_alignment - INFO - Aligned clinical: 10 samples
2026-04-28 12:41:26,301 - integration.sample_alignment - INFO - Sample alignment complete: 10 matched samples
2026-04-28 12:41:26,301 - MultiOmicsPipeline - INFO - Multi-modality fusion
2026-04-28 12:41:26,306 - integration.data_fusion - INFO - Initialized MultiOmicsFusion with methods: ['horizontal']
2026-04-28 12:41:26,306 - integration.data_fusion - INFO - Performing early integration
2026-04-28 12:41:26,314 - integration.data_fusion - INFO - Early integration complete: 10 samples, 7 features
2026-04-28 12:41:26,314 - MultiOmicsPipeline - INFO - Feature scaling
2026-04-28 12:41:26,321 - MultiOmicsPipeline - INFO -  Integration complete: (10, 8)
2026-04-28 12:41:26,321 - MultiOmicsPipeline - INFO -  ML Modeling
2026-04-28 12:41:26,344 - MultiOmicsPipeline - INFO -  Executing Machine Learning model
2026-04-28 12:41:26,346 - export.ml_exporter - INFO - Initialized MLExporter with test_size: 0.2
2026-04-28 12:41:26,346 - MultiOmicsPipeline - WARNING - Target variable 'treatment_response' not found. Modeling skipped.
2026-04-28 12:41:26,351 - MultiOmicsPipeline - INFO -  Results export
2026-04-28 12:41:26,358 - MultiOmicsPipeline - INFO -  CSV Export
2026-04-28 12:41:26,361 - CSVExporter - INFO - CSV export to demo_results//integrated_data.csv
2026-04-28 12:41:26,367 - CSVExporter - INFO - [OK] CSV export complete: demo_results//integrated_data.csv
2026-04-28 12:41:26,367 - MultiOmicsPipeline - INFO -  Data exported to CSV: demo_results//integrated_data.csv
2026-04-28 12:41:26,368 - MultiOmicsPipeline - INFO -  JSON Export
2026-04-28 12:41:26,369 - JSONExporter - INFO - Export JSON vers demo_results//integrated_data.json
2026-04-28 12:41:26,373 - JSONExporter - INFO - Creating JSON schema
2026-04-28 12:41:26,389 - JSONExporter - INFO - [OK] JSON export completed: demo_results//integrated_data.json
2026-04-28 12:41:26,390 - MultiOmicsPipeline - INFO -  Data exported to JSON: demo_results//integrated_data.json
2026-04-28 12:41:26,395 - MultiOmicsPipeline - INFO -  Pipeline completed successfully
2026-04-28 12:42:12,183 - MultiOmicsPipeline - INFO - Logging system configured
2026-04-28 12:42:12,187 - MultiOmicsPipeline - INFO -  Starting multi-omics pipeline
2026-04-28 12:42:12,188 - MultiOmicsPipeline - INFO -  Loading data
2026-04-28 12:42:12,189 - MultiOmicsPipeline - INFO -  Data loaded from demo_expression_data.csv: (10, 6)
2026-04-28 12:42:12,192 - MultiOmicsPipeline - INFO -  Data loaded from demo_clinical_data.csv: (10, 6)
2026-04-28 12:42:12,192 - MultiOmicsPipeline - INFO - Omics data: (10, 6)
2026-04-28 12:42:12,192 - MultiOmicsPipeline - INFO - Clinical data: (10, 6)
2026-04-28 12:42:12,195 - MultiOmicsPipeline - INFO -  Data preprocessing
2026-04-28 12:42:12,196 - MultiOmicsPipeline - INFO -  Data preprocessing
2026-04-28 12:42:12,196 - MultiOmicsPipeline - INFO - Missing values handling
2026-04-28 12:42:12,197 - MissingValueHandler - INFO - Imputing missing values with strategy: knn
2026-04-28 12:42:12,198 - MissingValueHandler - INFO - Missing values before imputation: 2
2026-04-28 12:42:12,209 - MissingValueHandler - INFO - [OK] KNN imputation completed. Missing values after: 0
2026-04-28 12:42:12,211 - MissingValueHandler - INFO - Imputing missing values with strategy: knn
2026-04-28 12:42:12,218 - MissingValueHandler - INFO - Missing values before imputation: 1
2026-04-28 12:42:12,224 - MissingValueHandler - INFO - [OK] KNN imputation completed. Missing values after: 0
2026-04-28 12:42:12,226 - MultiOmicsPipeline - INFO - Omics data normalization
2026-04-28 12:42:12,229 - preprocessing.normalization - INFO - Initialized OmicsNormalizer
2026-04-28 12:42:12,232 - preprocessing.normalization - INFO - Fitting normalizer for data type: gene_expression
2026-04-28 12:42:12,232 - preprocessing.normalization - INFO - Normalizing gene expression data (method: standard)
2026-04-28 12:42:12,232 - preprocessing.normalization - INFO - Applying standard scaling
2026-04-28 12:42:12,235 - preprocessing.normalization - INFO - Standard scaling complete. Shape: (10, 5)
2026-04-28 12:42:12,241 - MultiOmicsPipeline - INFO - Omics missing values: 0 -> 0
2026-04-28 12:42:12,246 - MultiOmicsPipeline - INFO - Clinical missing values: 0 -> 0
2026-04-28 12:42:12,247 - MultiOmicsPipeline - INFO -  Data integration
2026-04-28 12:42:12,247 - MultiOmicsPipeline - INFO -  Data integration
2026-04-28 12:42:12,247 - MultiOmicsPipeline - INFO - Sample alignment
2026-04-28 12:42:12,247 - integration.sample_alignment - INFO - Initialized SampleAlignment with method: match_by_patient_id
2026-04-28 12:42:12,247 - integration.sample_alignment - INFO - Aligning samples across omics datasets
2026-04-28 12:42:12,247 - integration.sample_alignment - INFO - omic: 10 samples
2026-04-28 12:42:12,248 - integration.sample_alignment - INFO - clinical: 10 samples
2026-04-28 12:42:12,248 - integration.sample_alignment - INFO - Matching samples by patient ID
2026-04-28 12:42:12,248 - integration.sample_alignment - INFO - Found 10 common patient IDs
2026-04-28 12:42:12,249 - integration.sample_alignment - INFO - Creating aligned datasets
2026-04-28 12:42:12,251 - integration.sample_alignment - INFO - Aligned omic: 10 samples
2026-04-28 12:42:12,255 - integration.sample_alignment - INFO - Aligned clinical: 10 samples
2026-04-28 12:42:12,259 - integration.sample_alignment - INFO - Sample alignment complete: 10 matched samples
2026-04-28 12:42:12,259 - MultiOmicsPipeline - INFO - Multi-modality fusion
2026-04-28 12:42:12,259 - integration.data_fusion - INFO - Initialized MultiOmicsFusion with methods: ['horizontal']
2026-04-28 12:42:12,259 - integration.data_fusion - INFO - Performing early integration
2026-04-28 12:42:12,267 - integration.data_fusion - INFO - Early integration complete: 10 samples, 7 features
2026-04-28 12:42:12,272 - MultiOmicsPipeline - INFO - Feature scaling
2026-04-28 12:42:12,275 - MultiOmicsPipeline - INFO -  Integration complete: (10, 8)
2026-04-28 12:42:12,276 - MultiOmicsPipeline - INFO -  ML Modeling
2026-04-28 12:42:12,316 - MultiOmicsPipeline - INFO -  Executing Machine Learning model
2026-04-28 12:42:12,316 - export.ml_exporter - INFO - Initialized MLExporter with test_size: 0.2
2026-04-28 12:42:12,318 - MultiOmicsPipeline - WARNING - Target variable 'treatment_response' not found. Modeling skipped.
2026-04-28 12:42:12,320 - MultiOmicsPipeline - INFO -  Results export
2026-04-28 12:42:12,325 - MultiOmicsPipeline - INFO -  CSV Export
2026-04-28 12:42:12,325 - CSVExporter - INFO - CSV export to test_simple/integrated_data.csv
2026-04-28 12:42:12,328 - CSVExporter - INFO - [OK] CSV export complete: test_simple/integrated_data.csv
2026-04-28 12:42:12,329 - MultiOmicsPipeline - INFO -  Data exported to CSV: test_simple/integrated_data.csv
2026-04-28 12:42:12,330 - MultiOmicsPipeline - INFO -  JSON Export
2026-04-28 12:42:12,332 - JSONExporter - INFO - Export JSON vers test_simple/integrated_data.json
2026-04-28 12:42:12,336 - JSONExporter - INFO - Creating JSON schema
2026-04-28 12:42:12,353 - JSONExporter - INFO - [OK] JSON export completed: test_simple/integrated_data.json
2026-04-28 12:42:12,354 - MultiOmicsPipeline - INFO -  Data exported to JSON: test_simple/integrated_data.json
2026-04-28 12:42:12,354 - MultiOmicsPipeline - INFO -  Pipeline completed successfully
